dimension_0,dimension_1
-9.661724415645907,10.424148136183987
-2.5056555934291085,-4.13509071833608
-41.68631663716382,24.913764413825184
11.268517958536863,-27.110051685209122
9.529322445851045,-4.874307211693906
21.240106047941065,-0.09017878174382854
23.26066696911104,21.75153090025222
-33.80745270572191,-9.057083440784622
3.507893870270589,-7.7550014539520715
9.472204149098294,-27.24074491998778
-12.133934766001595,31.561662251226185
-7.936700947034265,-15.206930633169547
30.827984336543317,-0.5584845077948495
7.49134365258964,-12.325787909111876
4.553123550891847,13.616427681517656
1.735033091684501,-6.512513946294256
0.9579372801005039,-21.469618189319164
45.74147042874442,-15.307641677987114
24.2285080181351,22.338751149113378
-9.896110127712882,22.624708072406925
-36.043831242098264,-8.87050313425297
29.14557265238998,-3.6460935111836497
7.153336024810218,1.8614032533622997
-13.357492348760402,-8.786417851579445
10.197730125388965,14.537026889695051
-8.484578011996302,-38.14007184344852
-1.5712096940238869,51.53203013549057
2.1454618231815257,3.888126940782865
-8.747396552412681,14.123028970253607
9.668157945912478,-19.063726522177483
-22.723406903481344,4.196258275490427
7.194130628687439,-17.925378489819643
-3.4403878842148345,21.28678990954905
3.3621415252864373,-25.525947658624712
-28.93880111981225,-12.550468383475998
-5.155299360890946,-30.298332979994864
6.06501543463844,31.884328781212645
5.311708329371662,36.98216627601822
8.48361023657051,-19.596734023584034
27.173009102170234,36.01890437547206
30.282453169374328,28.336222447365223
-4.119896697740443,-2.866083409530871
-9.837419098020856,37.20175503505415
35.438589383323304,-19.973241665087162
28.461317448604845,4.802719580062056
-15.03783116184173,-13.39242618912592
2.0358408455627557,24.463102061188646
-24.532709226137904,25.708955760874808
-1.8699109663433426,4.493195872987065
4.143214388624851,-11.389704536640009
-12.402076544923684,23.911309017881116
-3.3576204035980526,-5.8709523083275
5.276639061234819,26.051189657226868
-1.1249895230726106,-3.2034130380422505
12.00598946701266,-6.901722604962779
-8.746406225693857,-2.7688492513880454
-0.6272590087351716,49.91854411134555
7.1943224849288985,42.052296413356046
-0.5530903248531054,10.615413585368596
8.246598671891299,-12.487916987110095
13.163255504410516,-25.625892122217614
21.069085094172305,21.573866350556862
6.540614986138216,-14.602422316754428
-17.695751271891957,0.911056479513418
-13.738193945047655,-0.6071494518942908
11.184513955835394,21.03502406411653
30.159789746642666,29.066983062775567
-6.263185598119621,-5.76247350236066
-11.084121267699707,-9.303207670512743
3.308719352098404,26.77187145010474
51.94241962690937,-26.080418229470116
13.61317347548422,-23.361289866466016
31.161677656174668,-11.509264696783578
11.868769801440635,11.031835171607344
20.234033374801296,13.417113685926243
-39.49109400082645,6.937255876676758
13.94596360488594,-1.791729633628153
-0.8543357958880033,-16.810456865865294
29.37303101256844,12.236105903690218
-10.763671583193338,-27.917953850565578
9.986895777613663,-44.16696299855771
-9.383483252678909,-11.490991624603986
-0.09203826720073952,-2.1476553722979568
9.302618575562605,-1.2546408847587063
16.29234535158449,0.49398912211335305
12.126156960225131,39.06606265802544
-5.634253751248881,-11.244729744687795
21.474103349183157,29.292013814466024
9.197353325897552,20.45332208995743
35.59306004940796,11.569283713850378
-30.203957098349473,-4.849942243020361
-4.940399213323843,-21.105536535766063
-18.2122381677216,-5.507655182591939
-15.843204691932772,-14.417983668166412
-6.436345918305312,24.63576306377661
-0.8165556609214295,12.669170846729738
-14.071588349805886,-6.161415437738884
-0.16548448403802457,-13.908679531152906
55.493274468232975,-12.9991623121173
-5.17000106961012,5.097188772488116
-14.411752590139441,-19.765470525480133
16.371706249356663,4.7562336365228735
6.907137067242378,24.035831783861042
-1.6700936560228643,1.3344974276741413
-19.12098796280541,1.7415080122772089
2.643999469657138,27.19279899273763
43.8014615185221,-17.236651116981175
11.959484610625763,0.2704261319832465
20.73323589944642,-7.07570792846046
27.068591580139977,21.535868382203006
-16.56891612503527,-17.442177530136068
-18.041539610210947,-13.899253915558896
-33.52867705301459,30.724155196163778
-2.2807602798854276,-28.240708007520034
24.001148330097077,3.870161931992513
-14.900934778091756,35.3244121611108
0.5016631371404923,-11.34132438155804
12.312991651994814,-46.46151567357636
17.933436736506742,-7.947871254450335
7.554480856750891,-35.49155438042007
9.905679676853392,-4.595355773668922
-10.50206488209003,-23.738188526408738
-6.83884361175481,2.3303270714370767
31.834938173779385,-30.71201132928818
-4.702398841199135,4.427422849227918
-8.24310214412572,30.039696561321087
18.174036543402227,31.743580484130938
29.1816432095305,10.27705425274707
-1.6255578972764908,-2.9690118203465503
-1.7584007527253527,-30.000826333615258
36.318850639783356,-21.343338355780222
2.687921203836827,-16.19807259914156
20.01939862590605,-40.553512967564494
-13.224358442167212,8.242667782830992
30.873397835364152,11.10889564734159
13.446641253118658,21.01172342360739
-13.792766595229013,-44.756224431653095
-0.4928231596278381,2.83399094764912
15.90875869217921,-13.18923091397421
26.06664211581716,2.4701485185092347
33.007338187470474,6.049803447864756
-16.275844826947342,-9.593415209192063
-10.338039422918548,-8.157882086794457
-51.78260497525335,35.37517801209678
19.51622744404299,-2.575652471325785
-29.311299094712588,-11.928403254928345
32.07042329951558,-48.55563203753362
-14.37751120588426,-3.553453525657294
2.6687159402511407,-2.6710929796279963
44.83832597487455,-32.323749129456075
14.756565924252579,22.21565048091176
5.7799356200208045,-22.437133899865973
-16.54403197913998,49.0556107355994
51.92452373037724,-15.78889024802504
39.655751443785526,6.427534377218045
-0.16290882039719318,13.462932996168684
34.31097634651353,-10.274598540700035
15.973138886768808,-3.633891184450102
7.467403934439405,30.124085797661266
-37.49327737904456,-1.1388275107222003
21.74095832791763,4.368820570814936
-4.212395700601645,2.001069373871731
-9.636332612424278,16.860167223263293
19.303925073939443,0.709895891288166
2.7572617052184833,-11.14135262221489
10.743911635425903,-47.017347494958074
6.121804139363544,9.60950123201828
-22.382572337790094,16.331601317208623
-4.87696633237296,-7.550910390015932
6.813829125087882,27.022569190023834
11.906357136762596,13.736214721961082
-24.92833965457272,-49.517796426609344
17.03928670914668,0.3521683327536632
13.736419711087592,25.55543690128031
24.953623345567266,-2.5019704775790768
-4.704057066587063,-14.065796466217064
-25.352638180435708,37.81064862623466
27.910110960141196,19.566197583204698
-8.68570135526957,-1.5869860938094087
-2.044069604747388,10.69254531164499
47.296172407677595,5.753540527594854
-1.6837874207629993,-6.947290572370239
-35.58419028563935,6.799501831515103
29.968158165907436,11.447355393631621
-12.507733021668802,-32.946843947815864
-1.6372979371564358,-8.840593518792904
-3.6397874404342474,21.24080136716749
29.939612668273345,-6.366461117264578
-3.5212865284869594,-16.630549612249045
-8.233263553470685,-15.36009806256482
-12.918133529204429,-33.98811979530896
-24.061883599514534,-5.201972199214047
-15.283572471350908,12.984860992024876
5.726120322534144,-19.45528789699798
17.865979640170053,5.216913052564861
-9.356332365389077,0.9597975542281372
17.212263679619475,-3.5271802806398584
16.75696972724707,5.126455662188427
-1.5481013510631512,9.652283795338763
23.48169417154523,19.333373035693675
-11.54665276359253,-25.5618322980505
19.673395970207054,-18.703992216101813
28.408426901613456,-19.630404365369568
-19.409318272978155,-58.80887495694904
-3.3736671285400197,1.6308639250822168
8.12235317720712,-10.37881417921236
18.76051196891768,28.015790516191167
-5.915019384979187,-14.290641022110917
7.305310082748836,24.52843342080344
-36.870179377714145,-29.294126221797086
61.81237437229925,38.134257006095574
9.373024473610494,8.798694716916764
-22.162673629223594,17.147943441943752
32.1106434521169,-3.5125252457983684
6.3501092487964765,34.29667896500969
-8.532633588196834,-20.55661633579822
-8.583191146546271,-38.505465255622575
19.75675082927986,7.895242050530554
9.63216426243741,-1.5514998181996797
5.744294453779837,-13.073357060017619
25.279903991731736,16.56543120987667
-24.312446972596575,-2.7235611883845516
-0.2058092325213205,-18.25168313492178
7.677855281819321,2.01010693172665
19.882209923792907,13.46147225232883
-30.444412713879355,5.973067746282571
-2.981072043852629,20.519181508179592
19.374883229639053,18.496500929123204
39.18992479591771,-15.749153392161828
-26.641978544718185,19.901795889159114
-1.5526791316517599,9.477162426633585
-10.29725562469521,-23.18959354418956
5.204776068415361,-13.190590371300123
0.8005138349901981,2.410783769148635
-0.7987411240398335,-24.84091178185635
7.956860812638627,-3.4276381090807333
-5.052954967637514,13.97964909093502
-16.37641894141264,21.39550808427265
6.507832365747839,-45.90275387379468
-27.16238103246021,-25.966959882754498
1.5157975576290974,-12.315973485275318
-18.637141642041502,4.1880755417141815
22.981822661485715,0.5693191270150917
19.73019243083021,-10.703936366055027
27.523276059769817,-7.131946272251692
9.406902996523643,-1.1807717433685185
-43.87078833574253,7.936058795403192
4.784956233063134,-8.510880106981684
6.922794188418463,-6.660269558488134
8.668852268844306,19.19966070634272
-22.00756566451663,-8.751271046192713
9.686522375213368,-8.071701309238692
10.153112969584088,23.221882999687043
3.3437125311850973,8.89074707327125
-27.561610480402496,-4.567094327035227
-45.1876581745741,10.567664232281865
9.516594705180975,17.47085576108403
-18.23922853351329,-50.992438641564995
-19.45252991146062,5.355942112781696
-10.929498922974954,7.770270109301903
-24.112891706240525,-9.35263839906794
29.4758111839889,-34.1750412301644
4.981856299202506,-4.684587250495348
14.528099981925479,-5.352690894065511
47.64982959232555,14.833472115290661
9.240131671182827,-0.5317263389812894
-31.246201742013334,-12.015129976778663
-22.041867013354857,-12.306266626290984
5.094953266350312,-16.140736035499003
7.56496187134656,-15.438558845022051
-8.136679659978714,-36.06948753827734
-14.24523380964527,30.316718220800748
-17.132083286471996,-21.42362135210352
11.089396713617177,-0.8400932221559444
-19.05767407599808,-10.777023013563047
12.86265922755611,-9.876494704305232
12.222937264380755,15.29090504863979
-60.33441172977466,16.28120584322741
8.775829125357994,6.331465579244569
-5.351144592487965,-6.902449447549559
6.842117048853254,7.309786367257262
12.638200987359031,25.690249633380017
14.095358928329995,-36.493002571259424
19.45069451165476,-5.106645147531898
10.062502405288459,9.13171038010261
-28.40767577585007,-12.420208112063982
10.864568352054512,10.666250260666228
-14.776844429529445,-15.895186057016158
-13.254524563177014,-7.266671892911809
-26.548712169951393,-0.013087236121524395
14.798383247291218,-20.839933192797805
3.8771348482570933,-20.61186167936266
-33.18818662774893,-11.496813866770566
-37.33792400562031,-21.18365536231476
-1.375441029108523,-3.7333765361326767
6.0850559893561424,-3.9432698456214914
-12.444895147837343,3.627000266599091
3.22946506543295,4.671274404685162
-21.152643747248856,5.115591082090075
3.1194903709230264,12.155151979474248
-39.67479011017992,-22.69020590706317
-14.622230222107609,11.291906639679176
30.375861534176035,-9.486356134030343
2.625748231311728,30.414646519967214
-7.969601897555879,-37.12127652371695
-11.383836543936221,-14.447166500681888
-3.7781310645100676,-14.936886716295737
-25.161381555563615,-7.790374689344988
19.644062344395188,-35.70989674447637
-22.954536297752703,-11.170277707416593
-3.8745544216306516,-27.76052037492912
21.041010523359592,18.020832272179426
28.08777325795171,-8.516383183273735
13.065052214255884,3.173206221882865
12.93140209739612,-15.485121181091827
-21.63222343701673,46.2269190773587
8.535578210282463,8.239397238781901
-19.96510994572889,-7.513591411257467
3.172558903709533,-30.41436701872626
-4.1630250127840025,34.89319782976161
21.8712752021222,29.96008634814619
-14.57367915789357,-34.81054774223301
1.4091040259221246,-18.543529369813363
-1.3710482032516134,-7.006893321127123
39.35607614811114,-19.254233374903155
3.3318176449462014,-20.162768963469478
10.54918718562417,-14.991145418829943
-30.231240155122443,-4.121832642859773
-12.59314909192758,-15.709136852023972
2.092728313949446,0.29888026026736697
12.880334397255368,-2.15649646467061
28.89130842563619,33.562099508243875
-17.850193284987814,-2.9681467951918146
-4.302005254438141,-18.663794697966583
-14.564573409157992,15.779220559456757
-7.821483511046573,19.164878223547316
-21.511063952025502,-2.61310793116951
-54.41096514074596,10.158166553801083
20.24281247659326,-41.17513892926973
34.91718343094975,27.01137252998953
-4.6561698682098855,-2.7670245715657664
-27.565997211332554,22.770668621450202
3.465275775740416,-12.144117041942383
17.431767679216776,-16.625541217389504
7.167997707935623,-15.899926223337433
26.94339423097393,15.905829145704518
-22.313505822816904,-11.897569488681949
38.187318382888414,-33.409252327270536
2.1516325305355166,-23.988475747760635
14.15344526359325,-16.550890292148168
-3.385928442898167,-10.271591202234964
4.21891468006417,2.131327526979186
-3.3648705316034153,-8.2520348785148
-19.83694130997675,11.707175140152344
-14.579153774614706,-32.86295715502503
-18.126345479949755,-24.927751938899284
11.47233548894798,-22.34441753587278
3.9067165619114275,7.884528983285377
-10.632721132737615,-18.1925033513309
-9.826124247127439,-11.690946718040147
-14.078781415281538,12.791229697892115
25.81622643338783,36.13831519769752
5.0566125563848106,8.664755088805967
-24.677660456859748,5.855956550252005
-13.318598455750056,-2.59642357602612
-33.848113590657746,10.797766215499799
-30.053178175061817,-14.508396954181382
31.466245425906948,33.67232572193942
9.552332483345085,21.77998728470305
-10.137210808297954,-29.745820494189715
7.941434510300617,-2.4226260525274035
-14.07484864708847,9.049834814375554
-41.886392119269075,18.858343804870643
18.426640072338294,-12.795777488302235
-12.968018666034006,27.35304223074177
-24.27924148287294,-25.005854402227317
19.60815647320084,14.505303263544588
6.781235340824862,-1.951088203242954
8.947933350816179,7.684290377543409
-40.71071645658204,-4.251719988292693
-2.245028987350661,21.285303330489032
-10.461530561525096,-28.25585512756411
-12.254986403934145,-31.01492319794039
24.836249828399446,4.288570262992629
-55.450465943250634,-13.859661186718014
-15.543127173944317,0.0910499545449381
-8.708914287484776,-11.118896721850087
-55.31910568912014,36.848166162242634
-25.120246677618855,7.377394716033475
-35.50780876442281,-17.653888343980416
36.38399186184871,-23.234076785594194
0.3237491231945932,-8.11867541134751
-2.647247356664405,-7.2104402615148775
-11.34819537112576,14.582545182773387
15.316493284355317,-11.877676399939075
13.353295002840081,-25.54327794629657
-10.19223573935953,-1.4368307103173734
-7.7948754127640685,28.17394952956508
4.8983665639435525,1.5805848888459426
11.637548726367461,8.268377358991813
11.968942192689102,-9.520862893310609
-16.2105170461068,6.952468624361289
20.63725915433572,-7.866458940210352
-10.733357519877169,5.706955910865422
-23.15089789081762,-13.080822023372484
-18.172498889300826,3.954280255483999
2.115688655739497,18.657544549931032
7.266684211699475,-4.002658536218717
3.772302985168981,1.6931692156639002
-23.71506838225485,-11.728577891085102
7.651370799120437,-6.059774725247131
8.787643584822606,-11.107071123033148
21.94247903810965,29.3278119850039
-10.99809821480294,33.16692440816964
-27.83572615922089,-16.514967125648326
17.931403094400245,-0.8683811348461159
6.922188289049542,-27.052478842641317
-16.730696835919773,-3.3706373971924943
26.387867503846692,33.43830353283694
-29.588872580793005,-9.984766284613688
7.496078822585184,-11.473010035663604
-16.86309266529664,9.716044539026491
-12.23506478285439,-5.5787462701382555
6.023578560384195,-28.519777604549247
48.981916419038356,35.85214562452678
-17.85458524110834,22.324516788824347
-25.77117017192534,-27.95914364081878
12.812254914313261,10.059980413074568
-22.00532935580078,47.912967179697134
-24.11521225018362,-8.615541013796816
-0.24907474793627388,-43.45922156895254
-3.4327936321739845,-15.055183162253126
-7.2138437378229625,18.37870016310638
15.773258142816495,18.59667357962187
25.246449628094947,50.04513905077887
-24.690176498158177,10.034352703444542
0.6852130171928711,-21.169701260157826
15.159936628606763,9.726535971322575
37.829523125188736,-32.453141438156486
14.263922957712289,17.671323946471237
3.596412627754532,5.066941568684453
14.968043722803547,43.33486146468782
-14.620653374129384,-16.597499881245444
5.6045537664438765,28.22254108822319
42.530804514124945,-12.807156198685231
-6.001153944852916,3.9040863856420938
-18.32606439110735,-22.917222371939083
12.233672615709716,-8.912561931006506
-13.523326603470851,4.428087059534494
-15.721661789189746,3.953435636451799
-2.2780709622735165,7.830446311266847
-48.47897469109129,40.45284324357243
2.261565835687884,-4.162722450727739
-1.278906769151818,-7.295763128097132
-11.385262532760557,-14.857059164526715
23.86132719452973,-43.15392102657519
-4.243066610855538,-23.99323005082411
0.35182637801805555,16.809434691216854
-9.982595205587742,-20.111704391240664
-2.356864311900347,-8.95869024416799
14.907779913173055,-7.7177496449593175
3.7974142202512984,-22.364043622666536
15.023608959359207,-16.846208950355873
22.544169329349003,16.865267967763714
13.426369662898114,17.350372096512213
-13.46013341773391,-16.90028566857385
15.519746415658695,-32.12541147780178
15.448382368989256,25.11681549148325
5.889183117599766,-24.53353168511613
-47.22152793934649,9.816742085723737
-15.190420858373939,-12.419484497206065
-14.538010354711695,21.841215542102002
28.097078786603767,-0.5925935256070279
33.84789417581725,-11.283297266943382
-4.775686568639167,-14.015690113946738
3.112227892318606,8.481790250736914
22.685467616536677,-11.68903696296406
-23.316998136029344,-8.431121726976077
9.306512909286415,5.413147261672396
-17.95328628951066,-6.537069173102586
-14.962165623028728,14.651989721861705
-27.42784907344668,5.704962756882143
18.09129278595573,7.390981316303048
-26.939661641472554,-11.632465462473425
21.81052459753781,27.98538976277792
20.268273300577867,-1.690507258346303
24.478038334298926,-11.864021989182499
-21.676487386594403,38.224003117895315
-24.46508427836521,5.019360787808019
-10.890469574535707,-5.000897772670773
-9.778872668919448,30.01189236515776
-1.3217583895441254,-4.576155308317929
12.71825382807754,-4.587916601426664
-3.392177104856731,28.782256617203224
24.556379215568867,1.7139063726263137
22.310215527755908,26.128546798074495
12.719225635021349,-14.187972900418139
12.876256843488536,2.8817340186329305
-3.2631194526380676,-0.34587803658513694
-7.175490589243068,-1.2162651002989282
-22.696668953245613,12.615841832948947
8.862896121296242,30.589014193870213
4.849265621356359,19.863424978074857
-18.962843989938246,-4.9912884869466385
-16.82062721103637,-27.107522242086745
-7.000380860655651,12.742357842453071
-13.291107541430108,-3.0239328979472644
-5.951515338107964,-10.553740518840078
11.093020849510644,3.052355954739445
-18.828777864820847,-18.05954669576597
-37.47891210796584,29.601879112625795
17.016311930447397,-12.604860809417879
-27.376570155478085,5.769190843791547
-10.293226582072421,31.410625117061194
19.610164200093315,-8.973040784287948
32.156515623412986,-14.769894245403496
20.31786700676054,19.879290845400202
28.162373432056857,-4.785896382532559
-22.017828077686545,-21.470684812278726
17.759604627043245,12.371176103054902
12.023318377227367,10.879955207917412
1.1425766259375696,14.525639458467698
2.9888521661744982,-1.4322438453940909
-2.842512519853968,-11.056525727975782
-10.897325728549541,20.412711801812577
40.07216145500861,35.18711835957284
22.97942668963353,1.705619707456737
-0.7740832579196683,-22.999438675657448
15.85111327881782,5.664268927076471
4.656819629149822,-11.332292589676358
1.993818263407835,16.975639297989392
28.752125110981375,-6.463623965907114
2.1081946567723606,-11.148793293189282
10.231325729787002,-4.678661767869677
-29.45007676597051,5.357780257458174
-20.756255938040617,18.066928465970257
-5.9656937280491285,1.7529826349991262
-11.350905597198615,-18.930413932390987
-10.347749664729998,24.423961715264404
-21.832447919425153,-10.53212845038188
37.175264502340134,5.463583225151613
27.697241312487122,-36.5707298474345
15.971168993074317,-11.948696032428208
-5.845500387367565,0.0275838769494315
-16.062211313941937,41.723446277036764
15.71090729221626,0.7149008741902869
7.10656309256923,28.142321660103
9.466699196314977,-23.895978491076846
-3.186427380669733,-15.287843850383688
18.418793696669564,28.571613393726167
34.45196110094068,-20.59733144888041
10.516760777486953,21.316639825645556
-20.213857196294228,-10.318177177704213
-13.176438297277834,-19.562151521494748
36.724616594945076,-0.9669324165283886
-13.288809062862788,-3.6504326102818148
2.379611920381051,-10.198332051570906
0.9422817930992098,7.90924424253422
-22.272623403585037,13.162715714338376
18.508372747069544,0.756139228654422
-0.5407743349954578,-3.4353823108316357
20.8533025428202,-0.8423804485654006
-36.02562225015475,23.20873418562344
-25.735127331637905,1.083467945477132
6.792724382064109,1.676680532923315
-24.323415373957495,31.090302819946764
-1.6273580769890252,-44.19912852697397
-20.587338538085543,14.600866410261037
-32.72668905226068,4.421936963752858
-9.036275529465458,37.4411939714972
35.15109023863963,-25.494805059683266
2.118333747057636,7.347538922364469
-14.508773526943916,53.640208052960084
-39.028526477724924,33.11113361410151
9.412049960132642,-23.947290671563618
3.8745271839454247,1.8850001976792743
2.1528339409053627,4.291207139898986
41.958116258649305,-43.83039901661065
17.33622013680756,-5.847600202483089
7.071938637547928,-18.77478966585406
-4.9624986416311545,38.089291752527245
28.847168868208016,40.17488852020014
54.097546303307695,21.49298784875452
3.562338260142859,47.152977035741266
-5.0918043513714695,-4.367380392811813
3.708926434817294,27.82579569466258
43.29758493891837,-13.079660492566923
4.543334440141461,29.405817740085066
8.534822701774962,24.139446266025956
-23.871049401053554,0.2999804059755822
64.64715056587919,-21.021447205551425
2.5778235193542947,9.565673304637357
13.867418368313302,16.80395390553048
9.477532740902133,6.581585007070934
-36.08223070612443,-19.914218531143753
-10.810904014529319,10.273132576593323
0.1187526343329125,-20.774607256906855
-16.991677908036767,6.876617651926477
-17.373872168911248,-2.949751908886788
-23.06063068835854,3.8765553092191123
12.358744582950694,11.127936309214448
-8.889361304726634,-16.05468527327727
18.553746340769173,25.956154062432265
31.156390489361904,11.814398683852428
17.95465677944936,-17.3065656641762
-40.22178624162254,3.1657309489647916
-1.444270283699788,-1.5736109058121337
29.200593025533465,34.90401485269836
-15.2061188338941,-3.275718252340227
44.07377356036427,4.10184308828299
-13.291598415230315,10.164265675448565
18.177159060072054,12.749467534355345
-14.503135922124397,6.998600019712726
22.715255095235875,-15.391570659643532
23.918148291977698,20.937135184882052
-0.7400442964579547,-20.10746703748491
13.011843138102995,7.885953619697848
6.504114597688985,1.7916514102388303
26.075565277011222,2.7997428776253037
-3.554276585569332,-2.5613230803690823
27.200764762571772,12.560195860711442
17.05168189288727,34.72207679337805
28.444704535975568,31.04868135508513
-26.121789819675026,-5.218002723014067
-18.55980588372661,34.00461943309679
-3.5439539008900587,-14.147076730172277
-5.399493740861773,-11.748082296760039
-14.782061478049219,1.444543710558934
47.3566153288907,7.473716071927383
5.24713242733748,34.05122538034386
-4.486755377070882,-20.53879881396935
-11.439414657907088,6.3506982893340815
-1.4710961667940503,-1.8556585077575714
-2.179935794848944,18.418389194916283
-14.541647830525456,15.191988987309875
-36.33781451180141,11.929629333106067
-8.91091736423936,6.447870826270496
-6.223221230843054,42.354577948249286
3.456041718076979,-16.955407187561054
-7.586850176244627,-14.369328266262592
-14.418514407249507,18.83946034708317
22.89663906867422,-4.3961006206493085
1.2154927218908589,-37.45751520550345
-1.1874527281173626,8.443047301595234
38.11882939047135,24.894962487742127
4.562669435865583,0.36658374698899787
27.236345721433363,-16.342201881400836
1.5861527265025421,8.139528887241022
-5.26006465795972,-7.0742449302437205
-0.8811681157848263,-9.646586541754225
17.731675831648715,-3.133730556530712
21.43846050926383,7.054326678952629
-17.926602720011427,52.297690601419006
-32.77781948315982,5.6164529377162395
-12.217027741153652,-26.177709063542945
-5.659674424553888,40.981698384284215
-33.2570921588303,14.524341880892175
-37.135268805510684,26.61916549086421
-26.288092499677095,0.509988065860043
43.50991423090694,18.833563091312094
1.7929311641648553,34.54985896816888
-4.969299822909049,-25.808609812122896
5.759953315719775,0.19037588411218342
-1.265455952972919,9.019851933700245
26.3139524870736,-19.50134135868026
20.513404849688936,19.365571407579168
-10.172479296179283,13.076942172754206
-28.40255330088917,-14.686564166958348
26.889157540996045,-14.993670682029673
16.065603393592266,-12.326596045628182
-31.88533876392084,1.556293621856769
18.348664191514345,-5.043767049309755
-14.962829326001081,18.691857220719378
15.637374390402526,6.608588814202484
4.966516330344085,0.7187047566396843
-4.423987784353885,-6.280148430729943
-26.462132165646366,-2.822028181716656
-28.977602430023147,-13.544510456483899
-14.989752489928499,-9.016438072713854
-13.328999877319717,2.2658400638474925
-14.985216711809322,25.084128397095476
19.51735571144606,-13.948150729273866
-38.84898035962317,13.461156312073616
-1.3600423566557471,4.598565103599959
-1.6711042794560833,-17.146554387261155
-39.82719534242989,51.60299988265355
5.074691412506732,13.49141619208562
7.771938002302954,6.63155933301769
-6.71042878006585,-36.22887642708325
-8.07870297672608,54.35124294217694
8.882848656370813,-3.0905438732404873
20.901056573069667,-3.2897549238966093
-19.063956995369963,-10.298068043910536
3.869254327309605,29.622635771486827
-15.693910839331547,20.490556533331798
-11.781492560459267,22.439361082174692
2.6435983262142377,6.1553793745781205
-37.189847111533325,-23.57392707052152
24.259278504228746,-4.868082111413507
14.720300734451149,16.662085694478577
-7.01806151797399,-20.53843608471626
6.159324238645267,14.477529426664438
-22.821830772869887,3.791670995400755
-14.69347693544429,-8.258708193273964
-19.941405807966774,-6.566176274907356
-26.67693399925897,6.450741079627043
4.710849288506662,-36.16353849004033
29.061689733378092,7.176076272130279
-5.22682736969618,10.37683067099288
-11.01850611992864,21.42724457356686
22.00228118918821,-26.84990571752527
-8.071565667646102,-18.20335591767281
-13.73477898293512,14.031475169259009
-1.6877276748312573,1.8564882138645236
3.353464436527975,-21.726181295978904
17.238200066357464,8.92943828016448
0.9986705907896788,8.47383788763812
-18.30776691122615,40.060859097933445
2.975013228088362,9.629577196093852
-3.727857930151294,33.38232472086284
40.727050124395134,2.899910711546714
-6.6675865234828935,24.48737055449342
15.907961930215341,9.912661955713427
14.043666896192082,15.15104976988011
-13.285612263185541,19.547454741834407
-22.142740575923604,-27.62334881827833
3.3199177876231496,-3.416589321758413
-29.045354867323777,42.74595140850732
9.062052687731454,-20.69429847642911
22.802197860731866,-19.122939732156254
-13.752060574855754,14.045967368862303
-16.482121317984813,-26.679812790676195
16.66918469551706,-12.660214928111582
15.0973924977706,7.611813658067641
-18.811035399526645,-14.870591048856124
22.960968854222493,8.415297044132036
0.959989803178166,-5.688123114176745
5.793164854572589,30.019221360008537
2.225321459153861,9.915351753515278
-24.19241928727907,13.114407325820201
-9.975075963654389,9.579664250597045
24.277031619206433,-2.086719603017097
21.704403612710873,-6.701391593111579
14.421409868717348,-30.483438042792468
-7.376232070407028,-18.02696289185396
-23.202611591004725,-11.658748782010793
3.491332591346587,-36.87252409475355
-7.948614470853126,35.80288890745889
35.42224262778316,8.614154432688977
-14.10896762026422,-23.125354854317056
29.41497579599527,19.310494906965026
-16.068078249089247,-21.09482820607564
-12.600375391741547,-15.881739092800887
0.5463550420897381,4.351434223610306
5.272670084732999,4.789414774424362
-18.34433414701151,9.684766922026942
2.0169045142559754,13.561961014761696
22.186524701609642,9.101061314800363
-21.690994835629247,38.13765010842563
19.04707946480231,19.780287471235827
-14.813428974134371,4.7356696893983905
52.273016653069305,-13.24255589116542
24.04323327702551,12.778199635835994
-16.33477410336215,-14.305398580335494
-16.834615400091458,2.267025646364827
6.132871005052545,-15.723277625883833
-19.384442738219487,-5.957883273271946
17.928308806101573,-1.9776188592467157
-26.075258964651677,-26.1088822320202
-16.782570358588686,9.414694292043688
-14.042670340495178,25.304303246921933
-8.42187491028602,-26.168358713232585
40.27715407944213,1.2814521863138095
-41.00099842854056,-25.637353242301607
14.951193628137268,-11.020270042229722
-2.74464734716908,10.756403469758153
19.931780321857154,-5.430106962025597
-29.271537024705403,-4.518638989182452
-21.77695277253867,-25.721717220131488
-42.8982837671706,13.886594771000135
-16.279752498694435,-1.2846939696769841
-40.20660106313074,2.215864367701752
-7.712279712627272,15.470732449612857
-8.383447108216155,15.941265639745023
-2.5023567358651833,-11.373123527318258
-23.23577832012669,-20.350142945300757
3.323713050938484,-9.874782071232032
-15.409788289225865,-8.869058509225198
5.350368637066701,-3.336502231175153
30.951113366387183,7.415096721938715
16.502992836301445,8.130803521519049
9.12194573304408,-13.352982177418456
-4.030528215457931,32.132586001251696
7.180121196146594,6.333468734872909
1.0635662768866692,-1.8322278752436238
-3.237134980322921,33.95933163596249
3.733655321723146,48.42092095637093
28.386124483511217,20.288551962765105
-13.384526023820662,-0.07396040215274788
-0.517270123440565,5.804609929155761
5.725185955491306,23.82525554834389
10.17608367259224,-12.476923102990495
8.791468694902601,-11.791483572323981
-12.092745512549525,21.86124448132096
-34.075059098615505,13.220608802973572
13.87892829948553,26.750730718164068
27.655288582515055,-2.4988968095806916
-12.534643716431821,31.86239959868331
9.615428580334171,8.278732555926753
4.833083136266046,10.739907085862303
7.759564169309037,-41.058200837802026
4.6433891770542886,-13.849659827902235
14.404690426947692,-26.91528245745479
23.023611994241794,-32.7878421524864
14.833098263039915,30.37860466779399
7.508979692619518,-29.071337029816846
19.675737104843517,10.214529569980792
-18.759257907197245,18.142232763921417
0.698607768214837,35.85335314808066
-4.93805216248978,-25.279495480381282
-5.120459229803229,4.2993930665164015
0.5573632957670114,4.170834219414013
-12.246003640769912,2.3598581332461426
-27.05888119991474,-19.772640002132324
6.311582200960652,14.578395037257136
8.103996912763941,-14.758851397137935
-21.512748427368248,-27.817715792413566
-24.427269194295583,-15.192310561147695
-23.148207942374853,-7.425748974951643
19.228791562272768,16.57654810663602
-7.335392922099373,-1.7013105867885168
30.263977579773375,-27.12644752536498
-0.49604429042757614,-19.999391801251523
-9.212811279032504,-30.68412687396329
2.8578408661632144,25.86998529773463
-6.315735614241982,-5.694817589998314
25.54175112473554,-20.596936084895376
-16.29690371747001,-31.928149753593495
21.216053399356724,-15.77826007105331
-12.420754679051662,7.955133591614692
22.623929371287836,-16.508799345256865
10.488178443680322,-27.583041474795067
12.580594618368725,26.429428864386594
-6.239855353425242,3.316864672501759
28.34249549634499,12.966049541593115
18.29833273453929,4.390506031579415
-4.046826994350634,23.83605996434346
27.67307161846624,-46.10789242551885
-18.02596884776791,3.8444077612209777
8.767713179745932,-21.957037281672406
4.4499192679295145,-23.44368614410204
27.192527915937315,-18.60311848222392
18.766782660122793,53.30776795294771
47.55248014537094,-33.01318246727833
-16.40254315782896,-10.880268460547171
-26.85785870889502,11.469072319544754
-9.016204669919414,35.9900886696323
34.54561512518462,-30.363457616779478
-14.15311779608748,3.6906592609666506
-14.817742647050157,18.39770795719612
-16.73911384363211,14.559425245659956
-3.3348125966801105,25.219170353345078
16.76949410356603,-1.426131524097702
16.907716653194903,-4.848033126597985
2.5464814809665643,16.63470956709427
6.172511237899498,11.725153681627452
5.269528117246068,-7.358002993175052
14.950028099108486,-36.728240261240146
6.788120887665433,-31.733507426041673
-1.9601411338980683,-26.68884735754448
-33.61724859993988,2.5842816706207614
-5.935357594009687,22.7213434141135
-11.808732640412142,-4.120553625555943
-17.91944725289028,-42.414723125895
7.837267825596976,-37.04020857418971
-6.385944849251835,-31.234227183751464
12.618305160013133,-1.8971881405185966
14.323097384525546,2.6148392807658123
10.776098745180933,-17.920811938671633
-9.284843688522615,6.758212331654603
-7.924013793303832,-2.965201663669154
15.708041117419505,28.502479861170332
9.675002961126443,22.503702243005897
-1.3011019512327344,-29.426942828978056
-42.37125621360363,-31.203564431424297
-4.92254249476244,29.396570323093222
-31.624168743738696,-7.239207415447762
24.802219368736353,-11.237574722483917
-24.97135961990498,-15.009398203286482
-16.10921631519212,7.821436609790934
11.73250975290098,5.063595121850172
32.64462270375408,-29.664961521576902
-16.16973412683492,-58.80336247264762
-7.405840521123962,-9.85053499175174
18.4867672396138,-14.592928925759164
19.83549692572632,-18.8189439882102
-16.112162709837744,-30.60498179040294
-1.321439585474475,-44.2460696139855
-12.713589282759507,-21.407492967099287
26.777204968659785,-22.089088581392232
24.13995985622782,-14.88021221039521
-22.92440800646859,11.122807360340515
-2.640608149665657,-34.09586789772768
-14.052855792849758,-24.26346461694722
6.335641055326847,-28.433220921237936
20.340278949898007,7.526895687096449
-36.690396800314836,15.080959187799788
1.347653482367356,4.177220837011494
-28.60727134723142,13.686133409444912
19.89293393336074,-32.406027561398595
26.63728249292602,4.4712735348158175
5.746443328310667,-35.63246769449324
-19.67769223429944,-0.3090176445513904
32.95662582437253,10.303048908397706
-11.044045529863356,17.142935199361244
18.668813238182242,5.158078646934497
-23.39585311865539,5.572808307503942
0.701959456496108,-24.66408521090724
11.034058221288399,-36.724172567847766
26.946621765608366,-4.379585660826554
-24.15717825978192,-13.567261356813393
-19.716158215112827,15.767184909800825
16.388054372138708,-12.831826607723054
-10.784020688797021,28.34051114448939
-41.79007038784441,-26.603664431195966
-1.231000629206115,-31.467737587726823
-8.002062063547815,-8.187897497712594
40.423766550443965,1.2485642913979316
18.477720172864103,8.886236750901897
-0.45868119287798514,-21.737794777983627
38.54432788319819,-2.1969752523390103
-25.32660478251358,-7.260942254401081
5.296262262771543,11.081416459825192
16.043932073409437,-5.453398021026445
10.545843527444458,12.791332493833975
7.399177092631626,-37.83139641590103
-14.133883715091493,-21.248585590212002
7.53319650251629,5.4340997979582255
-10.746012216144686,25.47006109433768
6.430267326403369,21.525597519344185
12.929341441376277,28.265674475370762
11.481298332223117,-29.147495250569428
-5.46358568772931,17.124257082673125
-16.680361567448383,37.42098355895307
-22.201732868082146,0.2478771542376345
-45.58848695504463,9.303021833374919
-32.95083964414415,-17.365206876943585
1.6639060065433906,-8.170861319768916
-19.841527150848616,23.25279524531461
-20.4180809992216,27.846559307581803
6.239294213110057,6.087241399543229
-4.484469215947065,9.072512065611381
4.242908406935806,13.126822925835677
-27.195047002224744,48.44348089707451
-4.708851263143552,18.509526490188865
3.6275035821343717,-14.014110930782056
-3.545468260564693,8.591617288044292
-8.35884195077552,13.146123534485529
14.057491541908709,-14.647841533643433
-5.510895780575757,-21.53409105083444
-37.25965468802619,-5.594620997236447
-34.3068374081693,-11.780814631104102
29.372975728312227,-32.80892811765897
18.43329415495782,-13.528490446412341
5.224689230073266,0.5742978079101211
-7.869850087835758,8.720930130215025
-9.651083313891377,-16.083857136777628
31.80649378323927,-22.727998606404817
-11.507655300923032,11.567086916978162
-27.17358167874288,-61.073108614318755
12.389600348146807,22.919673837029926
-10.27690863435555,-1.2842408893495496
3.715732886805056,28.88424531232551
-12.108313921454023,-10.860897428395885
-17.668878346420883,-12.182729768851965
1.8338538828717597,-3.6082599350169655
-5.474173087856665,1.5906602002884231
-34.34830135043165,24.43508370128916
6.1128467525113885,5.687600767219848
-15.36040925742819,-27.33228162042169
-14.43532027154263,33.9564163158254
21.9929345070275,12.594114572410838
20.312853057913394,-7.883547703296231
-0.29685034304999963,-16.812535183058703
-45.831551281711036,3.9448683639031827
13.592076881975188,-3.4215364877833823
3.508071751606767,31.784140293368317
16.406104983099585,-2.3280767182759674
39.948837439139965,-6.59505809305056
-9.11883176373209,-18.512181636644332
1.4706542974497236,3.547119137858268
28.37802829519248,27.798118419779414
5.432518614163656,-20.168543450838733
-7.660636208442064,19.438639530536307
6.702624090788487,-30.503061719064526
5.9882856707205,-35.1977511764309
-2.835833900902034,-49.47530778336606
-0.4105997041336452,-16.8647722223872
9.45926395435439,-45.879720572516256
-5.449262635604576,49.017018841735016
-5.111546161309073,-4.522673590343402
17.768177069245365,16.94003882289905
16.91669692118578,0.7508711714908345
5.46574134211271,25.09454244682701
-20.6967615252369,-60.27792405971313
-5.278948356931727,2.6098091455540473
12.531815391949564,68.84345423908007
-40.26978689484113,5.063172391366933
-20.221289688895773,-15.01629056898506
1.0487657730320221,1.2554425135871825
-3.308379400512626,16.50720887906788
-0.9924804994064985,-20.16649930240147
-22.590429348128787,-35.85278347474106
11.145996394034931,-2.598090877698531
15.7943108745982,-11.225485941358329
11.769782033311476,4.41146421607805
0.39528953183223237,-13.456453224803584
-26.673984093012614,39.61115442893152
21.689108568549326,11.907471579155658
-14.732097020280639,6.945136331676624
-15.519650967708,16.203157029068255
29.27220598648259,12.920481333447523
-1.8683840817727586,-8.386775181554485
12.950053547936669,-22.902794678507835
-5.4875968354794535,-10.90482002680712
-37.49388697679684,18.411682663541956
-4.748976809621705,-11.806406420445814
-4.2626523749558975,-12.234507581885847
29.9262286909393,-24.630678268755155
13.012607778513077,14.316441210639248
-7.745408574221973,16.387092415987496
10.436310873508067,10.741064575904096
23.96627016974246,9.952499313923838
-29.563274180462574,-3.1273494728000255
-9.33514910451202,-14.878865790113947
-20.29507922935124,0.00450447931343353
1.4413368035409637,-8.36465789833334
7.149823744384691,32.404905136520014
-12.582646301535636,-12.79478856992174
8.379683836164597,27.399989529788265
-2.4505163053823997,11.631581755209055
5.9736341499397785,6.370267645317779
-30.488952971732047,-16.745088414895882
5.838216269008036,32.27123666685835
12.791129721884698,11.158859003781513
20.010836344357617,21.475132487905128
21.43548484213263,-2.0025192718673783
-50.69150403004754,14.860158279605894
13.251402490815558,3.1130385096426023
5.197574191380516,3.6825041505119147
15.28190481215249,-23.170196091643163
20.747011852907118,-7.942961114041887
-22.757910906671135,35.874044867147205
13.847300119935682,22.467897276366465
-34.25681696344633,18.7487979214948
0.11706133470760463,8.44202830458226
19.222800420409097,-9.388717262983388
-24.227077787612075,-29.28973924136265
-2.3933619032414915,4.632700688596179
26.63142847997209,-24.581710914472005
-30.275588952994006,-30.33847173572664
5.928135551389351,10.5298588077877
-9.381382745625379,-49.38580168382427
-18.209121216237588,3.572945657258417
7.243163489007435,8.770883118994178
-3.6613478941810285,30.947853114208744
4.464829334370101,-16.312411326706314
18.032908758201057,27.483290162200934
21.865739469678598,-20.626130764927982
-7.4337973386861425,7.3001629899732485
32.23912491741676,-5.180168677723956
-8.002362840835206,-41.053602439547404
-9.9693810496929,-4.906724227732821
-11.044486124832035,-35.902893069943914
-20.00609786941807,27.31101113258842
7.702827571246923,-16.856271833332368
-2.8014031008391855,28.004546823109948
13.389001774673694,-13.262777131546661
-26.41617871678089,21.610316070362554
-6.631024689273843,8.753080337355563
11.924765376989818,8.555208568464792
4.295633359302395,4.180872134730342
1.2479279497101095,-14.175092517379838
-34.31940336201984,-14.582229703504645
18.270646792070583,-38.99897634343
1.5793860083053526,-13.68415696635022
-14.979001702771917,25.67158390116918
-18.343473741737434,5.5024801948735735
15.652531757954971,28.947234294975214
10.649281437527748,16.707954487564002
51.79183822858881,23.17853211723801
-45.94036747999027,2.1575211774260645
12.484954520662438,-27.18808176915834
-10.774853826021316,28.17988329656892
-0.38006645651703264,-57.51577248604198
-30.52872742382434,34.14459976821301
-10.389529265217455,-4.1665178304409025
21.177723375618186,-4.924476985211783
3.749103641482947,-34.92804163606565
12.00626759633716,33.20829992051745
-17.780939912912473,-5.849669357260261
-35.926071376118045,-3.79164135146804
12.368987790607884,13.649876627639411
-4.417349918161168,-14.589939123505433
16.480439648713713,-17.792155427289625
0.28460219562062194,-16.88782986367125
18.88121919087954,10.828826442113936
27.026847816459355,14.955754309260758
-20.290197688973727,23.723898142926725
-24.518965099060562,-16.393584973625504
-10.338066837931287,14.708280084578767
-4.349606858148917,8.950038660223152
-21.585847036859672,-32.520581176494346
14.268319421890897,-28.596342023791813
14.109818119785551,10.509808984471846
25.419065235101897,-5.5556906592187385
22.552439500940196,5.895273814701688
-11.268806296873299,22.91301404254814
-9.091472575426105,62.151735547860945
-6.5598543715558435,-3.024230166205672
-12.869942550926757,3.5267964199101276
8.727771544717442,-24.731024153721503
6.545561518698113,20.57236876682086
-38.34755530121997,4.789748374337772
-30.86869112237293,-1.684869673825185
-5.282451083082788,-13.793408591287893
-21.531225728610337,-11.575550315365035
10.080723963499306,29.28287058307648
-32.090512276810465,-14.264556953365183
-27.960181607254082,-5.089495732933416
8.469440292262716,-14.934127422094045
13.537550423207769,23.238475266949074
-4.72732468632327,0.07023429643166929
2.9702209856305952,-17.59447329472674
-21.085432770676938,-11.856024233174152
-21.034732601193,-5.4725458861928065
30.190393185890414,-3.1117469962485926
20.256141169182808,12.387537353504129
9.204312051547767,-17.927898866438408
-14.396987111920392,2.725973333958733
2.398230171108853,-2.4441366416084205
4.133927323304497,-8.717443230423353
-11.578357914496989,14.156973559324497
-2.633618950084846,5.60691478524567
30.496478976093645,-5.191351069944529
-20.093070878954723,-0.1470319455864941
-10.407957620517674,-4.301144692667479
28.209981990940683,-9.503075640784857
18.95585136380633,26.36969271431316
-25.348660966365827,-7.220974294394024
-19.704129288525824,11.513900033248106
17.1880807210398,-10.756672969063658
-8.737916191363324,12.566521665927187
-1.74113601089014,9.048774914816832
14.103097380818525,-11.484361675978853
41.04657516126427,-14.763098077704779
-18.21112284510838,4.25358178294108
14.627977915457748,16.168918580758422
30.595475136275077,-13.441149639805044
43.556091211998776,48.53967099574376
42.52323603646342,-3.8786182218576757
14.234647587545883,-20.38457896052246
14.965285732626707,25.108422334920505
-0.614431175998522,19.856290465126072
18.629576773490314,38.66294242692989
15.158262882429046,1.2450520201351847
27.3105736555627,12.383063416507486
-10.170948987466367,-14.666053539419089
-3.498734283979064,27.045325063525873
-29.206077211202643,-10.745665880530243
18.320827482358936,32.867839761945724
-2.487181107307536,14.58646450270356
26.405662932902658,-8.88883367237719
-13.846387973877194,12.727096648000412
6.393797522119742,32.51013143636433
10.52448445963529,-0.8319717285668765
1.1096334776629462,3.4772899525268453
25.298279579332103,-29.833408657449073
-2.3502322563784968,25.87160405096144
14.961737151664359,2.6931878205700666
-15.889277466502147,-24.439704284972166
7.761970111258765,-46.517059520026436
5.78632796693685,-13.089932182379844
-33.46782183034192,-8.838381343839863
-13.24629392308288,32.426920832655064
-4.635087154340351,4.322341571631473
18.20256633916117,-10.8455088951947
9.196796326413756,15.85783586257618
-33.41325014515282,20.23288202725563
-51.37937834733623,16.18964945271675
5.8851968551273215,-12.546955723134634
1.7173493216578564,-16.775162495062656
15.394220318902645,-17.815795448584566
-2.0861821759015164,-20.246698703640615
-16.159816799072882,2.8125336075369995
-18.628813738494387,11.991106133561146
0.7195121153588295,-4.9141331521121066
-34.249118934616035,-28.023656503453907
-9.102833493656487,-16.190576960294514
0.6349599311451921,10.848116712248858
19.15962324858412,-11.680015092004423
45.63643000608258,-6.296322606151101
-25.091612234524487,-45.09053133314261
16.239303962073205,14.547215422850146
4.69078911483631,7.784215267203257
19.303241239924134,-17.868772289900544
19.97826275261039,22.33290302033682
-34.05472073052708,-7.464697467229806
6.9703199030325615,10.126357869156486
-9.395006448415387,-23.752328661415028
4.94969824737196,-19.788418804450277
-10.278040844986801,18.00058781862695
1.2251953563541154,10.704083583545865
40.476036124957766,12.756561965167501
22.563952586925453,42.48842741254785
-7.53584913273131,4.958086551800386
19.121888672170332,-10.979584918575721
14.395037749063475,26.774529380284903
-35.13143373834215,13.370440750488823
5.964962215396181,18.643581012570138
-5.637618283606381,-34.12322828817596
-20.650901240971997,9.773941336652303
-17.49251331115828,28.213555264193943
-46.5927139811049,18.470093159876665
47.61667347385738,-20.127790504728146
-6.496691716213519,39.00268868264088
-51.16562115894556,3.0081406402022544
11.334395765537096,31.44240743567859
3.016220227189261,-11.67907840881146
-7.774349707772496,-1.5192380740831135
-21.184699421133576,10.10246843029101
0.5822964727894002,15.834275743143365
12.382844073823874,7.7836519907309585
-23.84159395623088,-21.87749602195838
-12.428761270464669,30.152825654647344
12.186568911617965,6.101088126480757
3.890290052969496,20.302363713104874
-3.061820350506607,-47.56991073051155
40.68197775978709,-19.31757476992069
25.92861015665722,-19.9235814944195
-11.813188955499335,-22.984152316242465
7.6026315853686155,-1.7152329875059986
-15.921301437688786,-26.383786123193822
0.9839933768927945,-20.67946028374715
40.706149237542505,24.274504822721596
8.03592655466973,-25.933164131048862
4.872812725715793,22.770587802079177
0.32968265944155,-2.7222036345165668
8.707552807807554,-6.939367454417394
-16.283177495930094,1.548060830083793
13.936419057683196,13.466501092305332
-3.31805313443086,-22.408081392112408
10.650978877454989,-11.680244441924986
11.441451443766862,-25.42608154564714
-11.797166229678062,0.015726556240858395
-2.596896211846666,-5.647836032188734
9.267379690681434,23.816731229844805
-49.90338586151669,1.8708918117155726
-1.7301127790263924,33.46111412870972
38.15590684719595,5.203329584677996
5.446568385948268,-2.6382565849383495
-12.754927767744345,0.9847042913246628
16.82283603828316,-26.628460567736255
-5.0562995251419975,-8.03016271327819
-21.87832578582606,-30.113296849475738
-8.341323072974374,3.773411840815848
-8.257086617528866,-33.95086911766188
-2.11426683710548,14.705890580901448
-16.940270848114494,35.1005369672216
-3.0898450484326343,16.151469257112833
13.469840799884679,-4.919362420403559
-11.311672984265,12.739044534771523
-2.2576167799586835,5.689080550250959
-17.19085014308725,7.969432836583988
-1.841723516600837,3.373705527578718
5.154171231055663,25.503750928822218
21.766998531585568,-4.5325469830369745
19.55441370240261,12.414955636366008
8.879710151411524,9.758110408508948
16.622040209563867,1.2044866341453582
20.008530919411974,7.640046996473595
-8.004045490653377,-5.976960892953818
-5.489019089877503,-31.170407470344838
-9.601267852620296,7.94448625639564
-16.170213854277943,-35.030517627374515
18.726075226845392,-21.06042377659876
-19.920985321623238,12.56314408383616
10.833611004611804,2.5293031310432568
-6.302961921511098,19.0174609963794
7.957136859334137,-22.503787880184525
-6.384148124494217,12.949709845679976
-6.220175046823876,11.312976455734
7.905095320398855,16.435755462831327
-21.672661718628447,9.890022805767373
34.78138899392653,-10.881283942350482
3.886842220729514,7.776601625344081
10.755050997827936,-31.491003398287482
-18.277768212867905,-5.133511974494814
-2.989745006512619,-26.96142727252623
14.830096217808169,-9.017511391570297
-5.173466563854342,-10.320044145225237
-31.535323533816477,37.404804499231375
20.121513970890366,30.940809337913034
3.306210801418686,-20.91730756837307
29.830367750092105,0.5984293617076986
5.42852316213878,-24.33941812698182
-11.906860393502699,20.10117885161302
0.4629843205844977,2.5287927166906394
4.237227618193874,29.62167937936631
5.044833863327081,-25.865217753047176
8.319502171591255,-9.728082725517396
2.1746115025905435,-0.5943086675169595
-44.91193120752756,1.1602498575500129
12.88860226699825,-4.657379781977317
-6.544982610242868,13.522977628690265
11.546969173912762,8.767383669069446
-6.509500526400931,-3.2423781808579157
34.69854540001662,9.590871936047604
38.545645864754526,-23.05790927712892
-15.101018834982034,4.556502176157899
9.13426044206741,-5.227180988599046
-2.0200921285164233,-0.657238430441047
21.417724545285587,27.861885045438598
-17.484855095592593,-18.811565636788856
0.03732249354660143,-22.310444085981675
0.823017424041049,19.655633992927378
-9.174004840879071,-11.223892471643433
3.861379646272975,19.638460389904015
-5.6838957083641475,-24.472779417511244
-3.631109285961152,21.04827290802959
-15.23640061237536,-43.516855938616466
21.355883007135024,2.0006858832219017
-8.190609145449578,37.51221958948639
7.75042148588213,2.7101175981788392
-1.2696304115530945,7.73116362186113
-10.266830954240431,-21.594111791669096
-38.33820841970621,-19.42726624010225
22.38058339461723,-12.26889583189995
10.11564051480608,34.11673024818084
-19.265190086906482,13.50763141258776
11.594002902909555,-16.950273038804237
10.69837264945127,-21.5877561081574
-17.869115032048285,-17.472680781078427
-6.709682870357754,16.136393560882468
4.4032007420987345,-19.947939377544422
7.827905749040945,-4.007422181228073
9.97036233391935,31.730801108946448
-15.161648483484015,-6.344895199124694
-12.834066508329311,-30.92351465585636
13.035192978617056,42.810492701599884
11.191247708476894,23.802100954205066
13.38770939730811,-29.993810980262808
10.158158965834396,-2.565793643915133
-15.702847358453766,16.65972107348876
-17.365482911274878,-11.75373717743623
25.265931202399226,19.18491740790667
-10.798822918870785,-10.045175741117312
-27.602442720547682,-36.40831499943194
14.242406550050983,22.74856190725764
-10.03788967129858,-1.4405041943463548
35.85400271477649,28.73179724651063
3.147014053622514,11.709905324694141
-31.187076371232372,-1.9269996904521896
-3.935243710587584,13.78894047243577
-21.66598134438577,1.6002935999523045
-17.707773666860756,-8.438198188128384
14.021074810166015,10.577144377671006
13.394468451626349,10.176690027095464
-13.465232158840628,4.708536749363017
42.15194149990854,30.180347423319777
-10.410053861947933,29.14449323586895
12.683922928421516,15.12720180060321
28.492021501403514,-6.746080870384992
12.070099686894356,23.85658971919719
14.107328626309105,-16.292568997224045
3.97998157375348,14.897862970339396
13.10830648725352,7.973571747795619
-5.19471737379461,38.99512340361169
27.129133489855132,-21.596541303530934
18.32032639047779,16.953345667135494
-29.670712098192418,-3.6325604689071915
46.94512398410443,31.80876789429228
8.487743396279685,0.08384625096775565
17.78567199836981,-51.62796507288821
12.868222878263161,2.5615874668564005
15.042482080203456,-3.366678903946723
-11.131579724300156,-22.370101820398148
-37.233927213218266,7.421812440858919
-10.392508830152831,2.801371737272321
-18.55531743839362,5.600419565841537
18.028045253286702,-0.295433890525029
-13.988780503592515,-12.399021414521176
-6.887497877980447,27.52689593337085
-3.4475411719754154,-24.38867656467689
21.30528163723055,15.603497636255998
35.12471051535667,-4.694550688040515
-14.831438890702518,-0.2723745172502729
0.8154456280981742,29.77013884434955
10.28859662661356,27.651968538163917
31.070842898350655,-4.116705158628121
-24.401336512685194,24.300571617235533
21.643083657894163,0.10690456250054688
15.784122192266278,8.297221450683617
-24.476529552641036,2.0677187575692586
-24.422278281257064,12.35467333212814
-40.19174396488272,15.662844313879045
-10.508360749733042,-33.65265911619571
-0.482851297970888,2.521717630642553
-2.232951893784278,-4.04808185462319
-13.862572181245778,29.77689595724769
-2.096043548166946,5.146719222010706
8.545207443664141,1.6886570811733506
-0.7089563175404969,-12.638981867007455
-9.7459365155485,35.5096769790072
-32.9914522406525,9.386130217788782
-0.4072796468361478,27.054920834447934
2.3692679403833674,14.74678045406087
16.376019584732603,-37.238532136377636
-27.852997366816044,-6.683090103227178
-8.115260940924642,13.616524524876322
-7.816793425935127,-42.55744114220168
27.259795829490937,-6.952439634959887
-43.81870718909184,4.578906957937324
19.42100433234548,4.124986868064609
9.230947385776103,-31.191912152321066
1.2478851195520908,31.310300508456294
8.999479849879005,21.902987050298158
13.812659268681255,10.158658421850564
6.00182914324486,6.113591786318659
-15.120836009725675,32.309235130255345
-9.095833578667625,0.9702448761978509
12.238003533528198,2.2231683548053773
6.769130425542372,-2.5370631671127457
-28.479561028818555,-26.048095255083407
-17.464136926232122,-5.963185443790651
0.2943051216939224,7.107770190831921
12.151418084740971,-41.901758183023574
9.988790334773507,17.204529467304095
14.208440450913605,9.645738368581489
15.913534422188071,-12.43349609183741
13.200134125520897,14.029017484988627
-14.104232898408673,-1.9458681396719821
14.798245343036209,11.62270673455678
40.960096071773165,-9.025645519627695
55.94293062667738,9.287596379103732
38.68602859273521,-19.751951856234818
3.305942149253031,-21.91032008751893
-10.633137100437937,-23.007150848830868
34.667210417756095,-5.6368892074916115
4.658063397366307,-16.68163442218351
22.7673377425726,4.320143673452799
28.442653268177914,-9.505585164425773
20.445446208155996,6.693488256162018
4.734973244435955,20.85343922113159
13.255980482795826,9.22749014640242
21.89025755072805,17.147245063911168
34.25279985746015,22.34383900435755
-6.07765232891539,-31.523103274042793
2.2391686705501272,19.716833702458068
-2.8335097069773685,-6.527099349336573
-10.039000236154443,26.734256274896843
-17.268131341425544,10.84271328073196
22.369735944322827,-25.10635000836956
25.45095353455267,-17.593495212395595
-22.504212071094546,-12.095806633369971
2.9875698200912244,-29.97629629291369
30.43800532557229,-3.1922277576249662
-21.417985767794363,23.161906798084345
-63.14209091274496,-7.579530099854638
-21.192673875468632,-21.456738899199465
-11.222763291181575,3.793206595066705
30.18253272369888,17.825046271675713
-0.8547984259799323,9.943575217992748
-34.736310371446635,-37.81884623377035
-1.7348582766475071,2.9341820978156314
-16.512323053004604,-5.7505596321375325
10.886861370599963,-20.803446765653867
6.868498881071382,-9.776460865183532
9.26174742064249,-32.219116452424515
2.7511580509530233,15.016838613774926
3.4502782129392844,-22.366154428474264
15.46869340369784,8.63031860049545
22.280754127070068,12.300901339935459
-10.349547765751995,-21.499159999048707
-25.561676952060346,12.597555585568559
7.727777575474807,25.12838777178317
-30.639299869913938,35.7919594330607
13.379160321046568,22.216621457467983
16.87277737285521,-2.4859557698258277
37.8041763653562,9.924380011356178
14.605056093666873,-19.27191117528853
-13.26862666626891,-11.099812354162532
2.840951414060631,14.667352723477233
-2.937351593333432,17.786235116162704
18.3491143160507,34.83072693266421
30.216183293263832,6.041371033154145
-32.926877993697,1.1661734890037807
-38.08966419775293,-6.806508093181786
-7.35955858132637,-14.626545184121385
-3.611863702139608,-7.727270525582538
12.83240194664474,17.176315553921487
-26.738919140401713,-17.37986840242003
11.647747427913053,-11.938570207524375
6.274043112770328,9.407756989302097
9.211308820259015,-20.249595073985237
31.96703102273947,28.00493763616462
7.581945661421464,17.635472448304526
4.840505803047616,-12.833402632495561
35.02094521566664,17.10849141741482
33.85019928051323,-11.98900631064934
30.390464207755166,5.519093810807404
4.925832998725238,33.699226021869386
-14.715782996523398,38.206380930858714
15.785735705496482,-4.022614728310113
4.115106283470711,8.843459138281554
15.647784851785115,13.204415603944046
15.961527185912383,-42.16295101828601
18.215108618679274,-12.782568352214698
-3.8897708750875575,12.304567505198172
1.558714004863061,-20.678201368421284
26.945357196912894,42.19346972746827
-11.415698578841775,-7.183327186474916
21.32828925440593,14.038940156349788
10.762234563083764,0.7493653667403346
21.901691936917643,17.299814691867304
4.2854337014289365,17.34784193318355
-17.290254421556718,29.397010695030925
-40.381190078953026,-28.00266795699789
12.795342510015526,-11.413688561099239
-2.136624220235153,40.83427691861562
-22.003818178085773,11.381734965655497
6.406792495611163,12.747041242118463
-5.903490085554663,-1.8683888543704394
2.2510810869690037,-18.144729287896887
-5.455978405930953,11.511642530106993
-33.24185684785388,29.48666735772646
-20.535492379195208,24.955579821751158
-13.458102506526913,24.330967542953417
-36.24217635596863,24.539161864180137
-30.68628110944062,-9.248719645247094
7.039822032574104,-12.283861036153418
46.701171013903384,-14.956153685664578
-20.77388989560397,12.7244204850473
42.64680685734046,13.322124810586653
0.7537172477713644,-1.6155329913885867
3.262905935089142,-22.058692354111194
-0.9505410353388932,24.56057768316992
2.284684587707728,-7.001311208253883
32.50217594985972,-15.410971747232281
-8.427212902959427,-22.95420573505399
24.556082002055426,19.801967959985113
11.092420321691836,-27.43130546043816
20.822730937343078,6.7178898154401
10.010346625989442,-19.855516157183825
7.146747418177608,11.968936287160581
-4.674230908070228,-9.922025119280582
-18.840322993881987,-14.61458509965639
29.264362384036655,15.055399872479097
25.549874363538237,15.010068882915386
-1.1412170475896952,-37.99644207748813
15.567539812664247,31.00367677774996
-26.29596537897246,13.37576458800909
54.8041457706573,-19.505652020140506
48.02314817194676,-7.508759362117758
0.7535230068692766,0.8595391926665761
45.685106629812154,-24.86601194963681
6.4423315465257245,-12.50788854781744
3.3946656358612843,1.154186479459211
-4.524401491443667,22.031691120414386
14.426103801677082,4.888312865746459
-5.995522368473551,-8.034904378516162
0.6509125817099439,14.3409134995496
28.941670045159388,-5.1637486496681735
-31.875942612390602,-18.393539890821074
-28.415096921851706,-29.879902752791455
-4.340375094348225,6.169673801569911
73.21896819975899,2.033159591689221
17.18745146473117,18.653900667127083
-19.758990866556974,3.5853014478995004
8.083299336758976,-12.253009529809226
-8.062499193465023,41.015844977341914
11.996767752278977,-29.005558587782517
-7.090490437638698,10.785072771403026
-30.364697604200206,-9.003289320551604
-0.2685915848651966,-7.7710313125612736
-5.688892231075981,20.780086248619305
-10.761781352496634,-9.499386930419256
9.367195545556408,12.805024674634375
29.22465376852729,19.856981809981697
26.88152692037372,18.06147378593827
14.13027430653441,-6.133102270370246
-3.8456327899752765,-27.613983978201738
33.11749962601557,-10.5728715787438
-17.5584673479034,20.4870687515062
-1.9035549986381017,4.5341481328642566
-22.84933092887812,4.765097183079999
-3.681105841480394,-26.808296463578234
29.276535234885447,-5.8933643580071955
9.308310369942186,-15.783175040231054
-1.4352234379770792,-32.11439551606521
10.731411133588232,24.314891353865967
-14.85302335970047,23.867486706478406
25.69029072391527,-1.0878431854738886
2.213325937649225,0.37678666405271466
19.280148348172197,18.80478370387102
-6.298675754441541,5.120320295106911
24.177663120493346,24.96086782621414
22.02977474031996,31.60514184752033
31.08240094411409,-5.984137880284016
6.636970948272637,-16.189766276793925
50.381715009458446,5.725167218862857
-5.63311492914547,32.01753727930404
-12.030899612784555,11.125349589122058
-15.889708210872326,-29.05582887373066
16.12184800359024,-3.3203525255580084
-4.948860980237509,6.2222128107955745
40.591861260016074,-6.086105734073794
37.350010161649635,24.721026947584967
-21.873885746858917,32.58125806851667
-4.877681573698809,19.745213356264355
6.982055310245058,5.415022832984862
-45.88422979398254,-17.646930096357263
11.664095289840184,-18.90047997960645
33.71865460840327,33.405323287040176
-0.5136452398273305,11.140311696163748
28.60771829265092,-13.672733149089066
-4.797271165646848,-12.419646665706686
-12.004650593086767,22.46252317004822
-2.659697732089695,6.7436405296866795
2.598150479928382,16.802124036147127
-1.6329192691750212,12.56348521165744
-39.611631462909436,12.14468085862855
-25.22186383850519,-7.295272051605542
-24.78764729573963,23.76868376326263
15.633197318619363,-37.92922690371822
24.626463739182583,-4.88400332642723
8.853488605502802,-8.577361223839223
-10.51540151214554,-48.64694880625912
-25.16221235130605,30.574817080861614
-8.371299976853336,17.168627760462957
-4.108005351888692,10.96334872754942
19.910030004379436,40.014752075059505
-20.839893243620274,58.31388190806473
41.87463676356487,26.961523366561714
-15.2539885778992,4.45693600243896
-3.7299968403080266,14.321849724617135
-8.955316405122801,-22.39338595091108
0.13101390604979257,25.265825876180497
-10.032973330042772,11.66113859438709
-1.2760151822543535,20.70058962032678
-13.220591442998938,-19.49277918812615
-13.564483664602225,-6.34650020822828
3.1374516280517497,-32.73268043040636
-18.124333495128578,39.629009691289475
2.546961001532637,27.84878004533896
-21.838054206151178,-25.368991652541112
-7.7094005666890455,-12.26494636391333
-10.764209757256308,2.633528692549891
2.0788035729149494,-41.845969769581394
-19.348599428632077,19.600704595259828
-6.133415893313932,23.314894411324172
-23.513541938271054,-0.9744683761254153
15.216599629690531,1.3240580839758507
-9.690949068518034,-4.367516894574552
20.439051559643474,21.666100273731175
-19.88138910014274,-22.406418539492243
-0.239696561228111,-4.481560482936988
-4.617353490502165,-29.02947305290492
-25.46625901342821,-38.40012853627324
14.903248342549055,-18.569482682258208
-4.140220303634812,-24.644346912339046
-7.326141889374778,6.828006345194087
25.666472549308722,-15.959039066948188
19.991951602197467,-3.9314328923857396
-24.1309011492715,-1.3457862727731673
-3.342280567394708,9.391788441842161
10.064179794317674,-2.124440260977269
-9.972454480828562,-26.31176307882029
8.144936761445045,18.484378211941806
-2.884276481882957,2.745871049552348
5.511399337970139,-6.90247630306701
14.738686882281641,-11.90000604081497
-13.982810869941705,48.363135284658384
34.829770707720286,-2.332855182488882
-16.88418352852948,-59.78382509495287
3.5858419299935154,9.261788768677473
-0.4477863799221637,32.321761544180866
-22.53865299561479,-24.77491639368062
8.776442958796688,-14.683753205024805
-3.6109288829911486,1.5708807854538966
-3.8080640879410064,3.8350876040311235
4.753613276471091,-23.591690850280223
14.517945478865704,4.595491631119353
-27.44505911279017,-23.265059419889447
2.2233803832302304,-17.051501842808698
17.867416617243183,4.711807593361544
-7.039630112459782,-1.2556935260887783
-34.8772770443479,14.433703711692294
-2.535698207273155,-9.338000240308046
-31.6955067468529,17.383634774954345
11.659577443229916,-10.568068606752192
3.7283831236627725,14.595246578456573
13.307273701790008,11.504603512844307
-0.6909734623484663,-9.50889248898336
-10.945428038193828,-19.312410542704207
-11.685383830854954,29.04122668317656
10.738754131649701,21.35028130117893
-46.71584353273624,-25.353955427862445
28.6128776146084,-4.496326773516577
-4.946763534022514,20.307532442416605
8.052060349384158,-12.337233818056976
-14.387185287800225,-24.057507939817665
-54.00083130287258,-10.759374195181941
21.940533544956242,-35.01020845718503
-1.7166264894854462,-15.168457279511024
1.3472712131781008,-17.23737091084174
-13.285285722971416,5.661921760739256
22.377965097421573,22.79408664347026
5.09088513843647,18.15614213059271
-6.955338655944484,26.30607487060474
-11.237580047066318,-19.90210834011719
4.598158875463531,7.505198132258264
-30.718887398915285,-32.680792281591636
30.550192414837873,-6.2263548812897795
5.997786295387787,-22.307775198183023
-41.517296664434696,4.422551361302041
7.650277261678324,0.4340538298842486
17.646602126507695,3.0436003543820265
-13.002741377971667,20.221993492618935
30.79961222988935,-10.134530169266608
-19.208192260132837,25.17121985068423
-10.926784026546699,14.396188319216577
4.289477609187866,3.6405786851352118
-15.597753478987208,14.53292235497387
-24.800470659583823,-9.906354641346569
-27.45196322930388,-31.66723895238234
-31.701326720319663,5.032073782867156
-9.794227966899614,-1.4129679241633344
-17.036001475734842,-42.24334749736185
-12.808343480215317,34.50052356311727
0.8108119186441188,-9.137241663169819
-15.10665026534442,-24.38729111658132
5.7811590153233166,13.672784958252414
6.527169395683906,-5.4921880878866025
-8.265964494644617,-33.73746579741672
37.11563926705263,-8.991633197821622
13.617889583379695,-1.80243076856657
7.559797809205687,10.148639558624327
15.434106146642012,-14.192428161145065
-22.95369726078398,-26.447234443362426
20.535810740430303,-23.730046746308616
7.264921548709141,15.829019030066116
-11.012413233618968,-43.15962151727525
23.468139523310295,17.60054501336269
-0.1415016896926363,-0.005095185653084659
1.0207565041261897,-17.651444392642446
22.22766561032012,39.311144798544156
-0.21235643320905453,-2.5155430997175814
-14.287437415253311,12.05219451743119
23.771337140310106,11.329923685646941
-6.6131505882287005,42.17776119902017
-2.8284322605806866,20.872358884986628
5.2473439178473535,-21.462382798485542
-9.056122703729413,-2.910082165107817
4.372558588560651,-23.776859700482103
5.495150791671721,5.609998597896393
5.691058965592147,-20.746166067685728
18.24911104792681,28.61042050436383
1.4644608444144818,-12.158468114018534
14.771971929862636,-0.18187921566653678
-1.3981572892902692,32.72373325153091
9.054526949463577,-31.599807174753582
-31.792646919876194,25.57486319199323
11.014281250295273,5.523355714665621
22.441142538225435,-6.656694198046116
-18.82082806233044,-3.8268951846897377
48.88056525636456,-10.368699922584534
22.600245404573865,19.40987178626996
20.539961904115373,-35.42901263409581
-15.639984063864292,40.50347914219368
-22.554915060048163,-12.505736782362746
-6.4553645903235175,11.104445194459666
-50.243647263302684,2.6206874840110044
-11.439237331459964,-3.2778006264320902
-10.859626141865649,12.770251443886911
0.7406442251169647,-7.099867603802838
-30.073049219720286,0.6612380050498418
-6.773448321614348,-7.497908281416183
-19.824961760723763,-28.877685052735377
-5.037367845512889,-61.4673624150423
-14.988295717741078,-10.1230540037032
-15.6734344469025,10.710385352567581
-3.241437815268113,22.55167114295024
29.819664301164806,19.6437462348943
-19.921679732621868,-9.1168129506467
-40.43086696803417,33.36994175614844
48.19623641593975,-1.1108604316755124
-30.864169123419654,32.258834012708974
-14.51860087086901,-37.86119403387286
15.58015492217471,17.33222065488311
-6.386182681834628,-13.343724358243493
1.8309607421039855,1.9165667336643155
-0.9885160611090243,-3.176937572006418
-17.92064168170016,32.75391750602972
3.2013714890114513,6.18902127043245
-25.18156272895508,9.291560154478985
-4.251576277793758,-11.995213198646603
19.177425788701868,-6.356155771417717
-28.9995198410894,-17.478470453793747
-11.04139332101919,2.4352099310055024
5.045064242135896,-43.90714823709456
-13.02920499788797,-5.053599480288752
4.625936306442907,-24.568286166614463
-36.12136731978207,-27.133130288107942
12.901691106958307,-14.710177871274283
15.01188874433376,11.592980482517824
-41.09714003852787,-45.927497619247035
-22.82836217882364,-22.32264783854978
-1.8137014681287411,19.090590283160584
37.07233005013201,2.7139239086798517
-24.74514138479149,-32.65832522057223
-25.056820909414025,-1.527081800715021
13.701232982120768,-13.751676182666184
-5.628595779631124,17.091997024543723
-42.71707691164663,-28.33342319849912
5.88674561500858,-46.9369029201346
54.035114291953626,-7.77550158053602
-1.810505423938364,19.06233875575747
-16.23979660673869,6.683977256072532
10.1971008038829,20.07549729631672
-37.40195843732843,5.912920932074686
5.306495823218665,-6.607345680279256
18.56931211799117,-12.705229292412938
-10.485269079553216,19.172722530911738
26.60186900352582,-33.57639782578311
22.463679958990895,-45.08168860310551
-10.409909922746426,-15.212877920076021
13.052646634901919,-13.168992951418613
14.77448525956747,-9.054916265015288
-3.5105309067860153,4.03280938220865
3.488473975791757,16.47572225598619
21.49233738996841,23.27371206548527
-5.747048799628227,-11.0797025973969
9.490866017532788,-41.99047198742992
7.664993604335203,2.3520466839015466
4.078161055254557,-7.0341513812158984
-25.041831903832808,14.127918974993978
-11.411168159966012,6.6206594143068
18.892425521753992,-8.406365234228371
3.581453182847485,-21.957528114212806
1.143212417519108,-18.580861683417197
-4.467486490243387,-14.86150438900725
12.541582987171477,-15.539578631020394
-18.36558926202502,12.948300508712176
21.393145975486483,-2.2958941220828324
-20.09681694059416,11.711524691451809
-19.116368118582226,4.1332727489684675
-5.586226530886896,-10.261626066333235
7.346890656366723,43.52917999103856
21.409307208632807,2.821569835803478
-4.5139431845669336,9.70626353887895
7.947906208053833,-32.103043569452176
-8.018874179987506,9.86707599920497
-21.99404602601539,-1.8583800665440908
22.75926255280774,-3.5709294432495002
5.80930821930299,-10.820161565594226
6.265690252033963,-25.97910968494959
-3.975816658815285,25.279519626430464
-0.47972210439431506,-25.49835249499693
6.177885870281145,-24.328462730405526
13.074114832026327,6.5593224189515595
-30.524887938555736,-2.074119410389966
29.03073412722231,-30.08942722246228
-2.3018675749896635,41.93775861368018
4.944113395704869,9.40030904649657
-40.72133268936727,19.615115531702973
-27.62333320419817,14.98506759815065
-4.646669745637588,-23.632625525771928
-14.383145449354204,-4.936691026066967
-9.023607407257245,-2.9342246338962665
-22.058361774220057,4.582638992726074
-22.531238984071017,-5.452948309400794
-35.92674446037937,37.60267842813295
-5.479178203673072,-9.160248548370385
18.671951072404575,10.770860412646353
1.2773226824025363,-2.1912690469316427
-21.229236808849027,31.58508782629911
2.0378301721369594,-13.342401238248708
-6.6814521987105016,31.55392308972543
1.6822964069084356,-6.368603886153159
10.763851657396074,-1.7396467718647393
4.157877881853125,0.7866389566484637
8.159403318706847,-17.9289646874967
8.994091360854178,19.621874304780654
-5.068871599777982,33.61458922169534
-40.47062353775297,24.70756090253124
-3.431615957772252,3.233847556437996
20.828260587762347,8.325618392052125
-7.793953381351133,28.52177695554576
6.3489904713688485,17.90969171917527
16.513474701337287,18.323304630379674
-41.367796068459825,-2.6264127305804874
-0.839659938729747,-1.7521915049242052
-33.07796799929742,17.631722125792194
-10.485582326702394,-10.687123063915372
44.385723290648905,-16.688241241209155
-29.427112702742125,-6.746859453553501
23.623459398395084,7.168428890114759
-2.4036710573017577,7.243716056395692
-9.645555010917866,13.191194153726206
9.565599242183756,-27.95426503106587
20.940186183131694,-10.0855422140841
-5.460455401700721,-47.117768384510526
8.961583032590424,0.33928195702384484
-22.31418013349949,13.017184425060215
18.817104325768398,-21.696972743268248
-6.0915286732392335,12.270009471196872
-25.413453757481346,-22.00534860428906
26.21879139254297,19.744543797656835
13.164261523514089,-14.600127508762991
11.228032917981235,-4.583703074195753
9.820735835593435,6.581021349122484
19.851709537753607,43.22870122519604
6.686031594226513,-13.88896181597641
-5.01345622815926,15.25120685447746
-23.824597715883375,17.01393845764302
-6.854597886534725,2.0965188988231658
-2.1409745560272633,-0.17969822255949428
-4.368987794568478,-17.133938879412433
-21.21315789300933,12.656464082210366
-37.992911371091736,8.68863329616531
-15.987930374513242,-28.748655046633537
12.143234255115763,14.076287885352247
12.83088770171426,-22.8935968811617
-15.167281768133057,-8.695695039732444
2.0008075893353894,-17.485290412003284
-28.397448149067706,6.659176211622672
1.7261786640180419,16.991522853873956
18.512309930445117,5.987193937770597
-1.3427956897668643,24.004565126236066
-24.428659610311144,27.70768644325472
11.465314815275518,1.4036998032306571
6.615758654416128,-0.46182744011418386
24.740448411246362,-11.780729479937051
-16.41901873814081,-11.300373672283557
-13.347271158385247,13.084119501521489
-2.050169572864756,-9.563562776321229
-15.664320505940006,0.2598636983347682
12.888247012747549,-16.055702310082314
14.82788967433741,-32.1859182588259
49.135995320696,-6.495934524110724
23.02493866838903,-6.181641680112957
-31.565709751686818,-10.752728620928396
-7.46750716418693,-20.77549549139227
22.31841492733702,6.604436742486184
6.1608228059851236,33.176804082217785
19.34488200563726,-14.244979817667316
-0.9518551774738792,26.79215257774592
-22.513158670196347,-26.53464900845151
9.690742210764677,-23.349260081883358
16.307088351775494,-5.25378661574317
-38.01309940668949,40.73858428857793
-3.52250490807303,19.705962272728442
-16.46489934035308,24.453419620582043
-4.847832469162059,-12.621115372766749
-34.54811419058474,-2.9616709735331224
28.76237641736401,4.225163427174678
7.770828692762349,27.41014315298733
21.90966092156371,-40.61332453343772
-16.81281303232381,34.284235726925516
5.393923473713713,-17.595218361713624
43.82048816735542,-19.049066950424887
-38.864674808284654,-1.7982944488924386
9.596615314327867,19.972902974184603
21.537630007740983,5.290979592110884
-3.0928616444396946,-13.653681856968689
-16.29920496940478,5.912889375861524
-2.1576821110299473,3.342079502399222
-9.334794305223246,-14.43295615813839
16.360052941059628,14.45240692636169
27.09575558235336,52.79818055640816
4.436819169260482,7.149348403885946
-22.924391956714643,-6.576143470908601
11.875171254835568,8.732319893114417
-11.664693698413299,3.1084591225674996
11.609855027553992,-2.6149628521549033
-13.225068017666837,-6.576685832891508
-1.0755676585903848,22.147093703362273
-5.3796876670909235,-10.7853353920597
23.843537595789506,7.039435052877988
-0.9800386919593095,-22.110261743789586
-28.601085073301743,-8.007069744757963
25.510854396435345,-5.20417455443567
12.862100692377489,45.220648980331845
-37.027329930557336,17.627571820271204
-14.852265729437292,-12.993202143734887
-8.643398949538575,19.346300830455156
5.031450957011452,17.87065139573701
-7.505421466847402,41.4296969849708
-3.946380439538962,22.451891243442024
