dimension_0,dimension_1,label
-2.9221141623924574,16.548194093806487,1
19.095098908355837,-12.152778397260333,0
16.71757407137012,-8.33270089230787,0
-27.364846894655717,-22.49249552855583,1
19.76808577676255,32.63943129284514,0
1.7617543798029187,-2.080593431197906,0
31.942727053158254,15.46499397153814,0
0.2121317659797427,-26.89605027297647,0
2.2797889186469265,-1.5651171643573056,0
8.003762674775336,10.76970496472486,0
0.929402604553792,-4.630831561800614,0
14.510035450077527,30.77195048890637,0
-6.223607088940131,24.08913429528013,1
-10.760056046015691,-0.3318722206281552,1
-37.01072847654882,21.6755233612062,1
-31.142760641417624,1.2990608998929432,1
6.224584392559525,11.753922453775967,0
-33.48984907974318,26.97248763167837,1
-1.6610335978540791,-7.515640258633579,1
1.736806208915476,2.0219391987770976,0
-16.936040313651688,-14.444418697324334,1
-15.817855600409258,-8.88356726474621,1
8.835113331683429,-19.10698947701797,0
18.06110051895744,-9.460433257527752,0
-24.97230992023065,-0.1557078113504293,1
24.63565128952676,-1.3620481311985024,0
17.592540865054872,-22.307532520017617,0
16.79360674475625,42.99398266651549,0
-8.263993674721522,18.916035983345346,1
-2.752242419579643,26.275140760541262,1
-1.5891805593295183,19.762989287710496,1
47.057978685220334,-35.23864140485796,0
-5.869747298010307,9.023433986847277,1
-7.819637659296649,-1.964264478064204,1
22.49007613513138,26.464255219543663,0
5.233564047013371,-4.724055290128249,0
24.88239865546688,-66.56997472171297,0
11.794858985604408,26.969655526697103,0
-21.98186239979596,-51.45673709967552,1
23.28287988108641,16.222670233507074,0
-3.996347313044843,2.3037887943697117,1
7.1060737568499,-22.961567824605595,0
-4.783069011272357,-2.712114853755984,1
-3.4075332046222773,30.27359574779107,1
-10.38984008075293,23.71270394023924,1
-12.008956549094288,-17.447326099508658,1
1.8043327619565952,-30.912308855105746,0
-3.839154208509656,-1.126998323443362,1
8.696002841862343,-12.865303327324972,0
23.483918713521174,40.51768749958228,0
-8.159868485994641,-1.7502371160300658,1
15.35567328369826,33.39630129388363,0
37.64036785791304,6.041751193400193,0
-2.874232285955056,-27.932125256089478,0
-5.654162200735856,-43.78413018778531,0
18.615351305144607,-29.76228596213709,0
19.61921968403528,-10.627840605723735,0
-18.10215949005133,-6.901974251006489,1
5.9963066217863945,18.000692136581627,1
0.1206266353490675,-34.06861342425177,0
-4.51813198611532,3.5264105456730706,1
-18.856028892093903,-42.47812863977517,1
-11.907280779098034,37.63862974000326,1
8.924179407769019,21.291561806343463,0
8.131108811274881,10.187593428324885,0
15.444970106000913,-22.824802786628982,0
3.573024482446509,31.228755459557924,1
3.0879393106394977,-41.71873418717863,0
1.7428612698826076,5.449329687749449,0
33.43941831479971,18.96282509870336,0
-5.391161355109405,-2.889307341391949,0
-1.3754794423420886,15.959677071336976,1
-3.469684389477053,-4.796729654700896,1
0.5075920606769132,-7.812604144809889,0
-4.066819986673185,9.889738007787486,1
39.10530311001979,20.828342713831223,0
-25.61887882484955,7.881456995011021,1
-15.67515815626999,-20.75757077632873,1
-17.641505839989136,-26.02388379138462,1
2.2050779855813114,2.719253891231192,0
-25.792915030836475,11.822866664425495,1
26.676979046673143,-29.226958415492422,0
26.21726488902956,-10.231442069026713,0
30.394470837299966,18.289178396259512,0
-17.35475256343149,-10.101320753835475,1
2.1679481366512734,10.654355215347085,0
-20.208746377385896,13.85813778898522,1
20.80494152521566,-36.763448690256006,0
18.088871615441107,-5.611055781654729,0
-14.264881257867806,-3.5148853049527133,1
16.87570729081852,-5.843251278118262,0
30.945440446101667,6.491644272383471,0
18.21660146482324,3.7011633769783994,0
-18.250650364646933,5.4412276172970415,1
12.9700268400797,14.002849594249536,0
7.6075825341269585,-1.6661275282161907,0
2.883114812348776,-10.783516690277256,0
10.244363634959887,-29.800469945571717,0
-8.07995156582333,-22.84020224974811,1
-22.480975228982903,-4.3551826079787,1
17.22369604445027,-4.074328685557145,0
-20.282672911492675,-11.280777959436175,1
3.507311189482048,11.536180276864773,0
4.161646151206456,-8.83935285021326,0
-4.473562077426067,14.271752966121785,1
3.0238166229218044,23.478827271866884,1
23.884711902671505,21.87461394192589,0
-3.4393059161755413,-4.210896619492886,1
-29.7975497170484,-11.38180768517234,1
30.78726009304841,-12.325482372334555,0
-4.099640740873552,8.530522659468787,1
-31.92405761594992,34.11629631164364,1
40.9184186178673,-23.087047996663568,0
28.770109476034783,-43.26892776480692,0
6.777680637596387,-5.304803410223567,0
-25.908072007816347,-15.22554314412587,1
-14.557780961604308,-8.269651094567035,1
24.06075572154556,-6.795618436076863,0
-35.19105363207102,2.522227888624741,1
46.54331507276708,-17.341009080191945,0
-3.5779702863775427,24.263420711854863,1
-17.91026294829595,23.738552453015608,1
0.6632797293132143,13.963631258957935,1
4.086329700002268,8.247423554967408,0
27.651182892329786,36.19410832285386,0
4.646146187357372,7.171250587243209,0
8.349980224062891,13.092554916376978,0
35.994316491156695,-3.093066304952697,0
2.086815788092114,-17.923585373495563,0
5.790217617304733,-14.118158028420604,0
-2.520033826971788,-12.339850462337674,1
19.819801335674185,-15.416989909013534,0
25.483580273277408,5.00234038559339,0
18.63055644144209,-20.1991756280248,0
-14.647650674109602,-15.845098585857968,1
9.83977508158317,-14.545472605669406,0
31.003434742366984,-33.09409792681357,0
10.094256979172002,-6.652807383456291,0
5.346152248668661,14.669678529040295,0
-11.517700727708934,-11.03505808305095,1
3.975581708691552,-34.86628691772175,0
-27.862187791342,9.345758608168511,1
20.96549896672528,30.869294608299956,0
-16.770877436968362,-18.060210819447523,1
-7.3862993046531775,-2.1362749552749203,1
-9.013105546401867,-7.803929979387014,1
-1.626459151533881,-16.668651293634046,0
4.437683330289913,4.061693945627656,0
19.15929181818737,-0.4804742012356527,0
1.2816197366485191,4.377676415719036,1
8.628952619176863,10.174835409035918,0
-21.42419579177162,32.47207241742921,1
-13.004803740636811,-3.3581347141411007,1
-40.438945332805446,-24.72236819163161,1
2.49617851532859,-1.9363254984133516,1
-3.263004984673304,-19.42793734703136,0
-11.495871448258214,3.716385062869809,1
0.8807116537403892,-4.32192590339634,0
4.786566465065757,12.723619518935498,0
-1.8739851165379025,9.356462861052414,1
-21.915476466293285,-16.802051974372084,1
50.36710843100301,-31.708379308172017,0
2.4754998781837942,11.18837585061608,0
5.885928765337233,3.914307132010637,0
11.63981951073712,-6.926509527541615,0
-1.8512442776605729,-8.484165681531522,0
-37.85244598413111,-4.839364021635287,1
18.207144106491494,0.575525813921777,0
0.1438312113488434,21.62371155260479,0
13.0293695589494,-2.67694508580542,0
7.040956653372506,-16.739908627055158,0
42.14890861773058,11.406307816563828,0
-3.783447995743807,6.601369393969766,1
71.5122354447154,21.035690264826812,0
-5.1513171299797325,-15.473945736216525,1
-0.6955593931015003,-0.7080109347885188,0
-6.920581176150763,16.01660917691054,1
23.99935219402056,10.274857489557297,0
-16.3768939832542,-35.95430056720681,1
42.04765644951206,35.80307073959908,0
7.124467766412708,-20.14229865826234,0
6.516117076751879,33.272836673491256,0
14.126986705645228,-1.1138162515480623,0
-1.64877296822277,-57.79945695973979,0
47.18763329629672,10.130875478306416,0
-23.78663328140769,-12.830136282071514,1
4.336494066652868,-4.990830493173776,1
17.827378489740383,9.3580310098488,0
-19.176532617698005,-20.57432692986902,1
-15.77546597567448,-15.986852626558376,1
-27.663922859511032,-59.137699123701125,1
-3.103505384464844,7.149062001447785,1
2.3770909969494296,-11.52673344481422,1
-11.990557214256052,-7.073354975100825,1
-2.164292157176807,-1.4797456585706077,0
17.65613805950574,-16.675823501973447,0
-18.95811155905113,-31.615267938641583,1
36.72393969974481,-24.12740580204219,0
-2.416858507311538,49.083992856226416,1
10.989796575701147,-13.027471517010897,0
-10.6643489317742,-22.70622488753057,1
34.12648313414795,-9.4819686249231,0
-5.135093913767167,6.308427614823792,1
6.434602976211373,36.91355407233131,0
-38.79538821629795,10.059177808276816,1
-16.95868390771021,-3.064623424601743,1
13.761644794169069,-19.35641091238841,0
37.2565578346769,16.909487238801685,0
11.982677111186296,-24.741583469649346,0
23.38227024627272,-20.916789061242827,0
-18.864008974108444,-9.086764707416627,1
13.977780184683333,-8.409120094133339,0
-22.39638040385958,-31.07635334237024,1
-4.43924335978409,-7.386708581884223,1
47.167360822707074,-31.096772209837752,0
-15.18177632654335,-5.316036474678593,1
42.28968407115371,17.751767253276462,0
-34.979840718161256,20.454616449517328,1
27.460857312987383,17.705796920042918,0
-1.5858100244995383,7.037541702098248,1
-7.738893044111579,-32.80754057743928,0
11.050061101773142,-2.136763642752225,0
16.957921676186622,-20.931006545845925,0
-19.47456746396222,58.597588978381374,1
-7.283533313078258,5.7445085458287775,1
-9.53547637555831,3.997016663404748,1
5.007490901256976,-0.344001754868718,0
-4.713477558210887,3.6564110737054656,1
-14.46809665651195,20.09475242285848,1
-6.8367167798663,33.25053711828737,1
4.853456085239446,-2.8441788798758187,0
15.508978490062855,-4.195479659821871,0
14.654746444666875,-16.355530425745663,0
6.633524750512162,-1.188563595305708,0
3.490762789635733,16.476298411491474,0
16.086224767416766,17.478954721682687,0
25.529448337140952,15.879408021378277,0
5.19593016071235,30.64753279666005,0
5.120138507835462,-5.267639825180472,0
37.2882413932392,21.21521396607197,0
11.566435267061363,-13.82552964368636,0
-13.854371116227997,8.084716952282452,1
10.78774708036036,-13.53075746797128,0
40.81252173920605,-14.929910864400462,0
20.661451798756364,16.21550655345019,0
16.247474043123674,17.30028975954621,0
5.738808204349329,-7.609518959627551,0
3.3612447476512743,-9.714567481404291,0
13.589065681929709,-0.1556366845481163,0
-20.785199470209957,7.255150397593911,1
12.543692884560231,-5.114910126363364,0
-2.172564091170842,-17.403426588278734,1
1.2671971204142387,17.464099402591817,1
-14.764678309533773,15.280560995235176,1
11.60708044560714,-7.0209940228027,0
-22.85664364723885,45.084532126272975,1
-24.59240703547557,9.14424432168974,1
-13.00381424329132,-9.521749453237376,1
-7.859768844118948,-22.103036617193933,1
-3.2712650636530904,-18.565881824289303,1
17.83137094327024,0.8921860876840243,0
22.77636060784756,4.725925405694428,0
6.516671819850152,-30.48102778935871,0
5.9878389215220125,13.864174653791302,0
-17.21564290877318,12.365266895523474,1
-12.406942584381609,44.215339783696734,1
4.351152861656394,-10.302592224529567,0
-47.40871395901743,6.2601555725759646,1
-17.734743456929237,-9.52255311739647,1
-39.99261921458199,-10.660211048142711,1
-46.547180848265526,11.945057066240112,1
17.536332938265552,-37.294435138174926,0
-5.198817935702724,-16.776757219656773,0
-32.094734210044635,7.016317855123546,1
21.55350304397752,13.393073269090763,0
37.13906960361653,-13.415664060227565,0
-11.65109859945784,30.82127501440593,1
23.109073507814987,-19.366720238414675,0
37.96159062935183,-1.8606781265515089,0
21.034521100300168,-15.332851998061004,0
26.40385447249836,27.356202803124106,0
17.46675138150494,18.68802950405727,0
3.5680329895287177,-15.880731298392927,0
2.337856062496759,21.284671289643867,1
-21.492502174530955,3.230237045428788,1
-2.677062602438087,3.0921487890003174,1
-16.181485192545875,-21.053983528592845,1
16.35123692468631,-13.082726756097172,0
-30.86947110592733,-0.5031873834106825,1
42.48371399601075,20.695657630482486,0
-10.09061809598056,9.523222238100976,1
17.85703746337371,9.249967039415669,0
8.005678448124348,29.83917077263829,1
11.548153873893911,16.426264731270646,0
16.242312004154684,17.155930205466955,0
20.24617850770772,2.414036157471446,0
0.6746249299029959,7.483839285761759,1
1.1113802537854487,-24.525529596643903,0
-19.292619281361524,23.760532480370586,1
27.869739687533823,16.576440960709956,0
-11.59238991867467,-11.66810037121765,1
3.142647155719331,-15.386724487476837,0
3.195611642847541,-0.8252314474827129,0
-1.4032185958238386,8.487445259054727,1
18.778278135184088,-2.6191895732182493,0
-1.2898721462530736,-15.663820832960608,0
13.66795267507178,3.468675637539969,0
20.196998476190995,4.425938001969439,0
6.516700113331659,-7.213484154484103,0
1.5179991255321947,9.76536518273649,1
19.56304684949653,9.922330287201786,0
17.253205749443346,-3.696532161179648,0
32.60672384994237,2.799320069464833,0
-11.198596173512955,12.77482917657654,1
17.11227632777365,-25.084477906480014,0
16.228773958906977,3.1325439780819715,0
2.0713354345326254,-3.8995743820240647,0
11.173180338760984,10.464067301738403,0
9.370455843677505,-7.302803702811833,0
-8.091607382390706,-2.218572831914368,1
-9.138307363585964,6.480843968163318,1
5.349284804887407,25.587048519796276,0
35.765985138582586,17.786947962401893,0
-13.312569355563872,8.68234652756631,1
-17.515616367710034,-18.262661989310168,1
2.195497084273744,9.568738383050956,0
15.318379097230508,29.731737106629534,0
-10.043893250752856,-4.579226150119481,1
-24.7234776930286,38.13622248398118,1
7.587206589440005,-23.47082575905235,0
13.294800642190642,-17.89425161843208,0
25.76762921840478,-23.42016479246727,0
-2.848048265386093,3.906282399268614,1
8.494689722154204,4.522774649892022,0
25.61006702516893,-56.965139739629095,0
0.010980805398746,5.493094012303434,1
26.66665740469426,-1.169935457919042,0
-4.273865756794059,-4.5824440106173885,0
-19.56291429491065,13.983462765506056,1
-14.974189948452183,-5.085593704380144,1
28.32506030400967,42.482809519682704,0
-40.24214009084587,24.578430249017256,1
20.55583294094287,-15.294129083470434,0
41.32892696230209,-15.07920271017924,0
-0.7753042355745907,-25.33444041013134,0
-17.647706212287982,66.23427185460466,1
-9.083300377197691,-28.84297273615662,1
57.58597618771057,-7.130054030361544,0
-17.061968620710978,-1.2734190724356529,1
-15.827974768023216,-30.53017143862251,1
-25.66614952549777,26.79792015943532,1
48.12712883767223,-7.912944390914708,0
-5.043527050119382,-0.4561261281270955,1
41.70068493914571,-9.122846961625248,0
-1.6049962721450284,-26.666955033206605,0
1.843035113018644,-5.600902160100406,0
-6.399509219683781,3.1691309271979597,1
-36.16620162457031,13.09017145180566,1
25.0071458801832,-3.2099716817817443,0
-17.314492910681885,11.51594102247741,1
16.93784960453285,14.941033985503802,0
-18.213107834522106,3.602217556886801,1
1.448010210633615,12.152107484134296,0
3.904956967858561,5.059989965517032,0
-0.402238527870287,72.14906378688423,1
11.12134332940065,-11.806476482739352,0
17.075496902867762,18.965186576666152,0
-49.22380020884015,-12.271141819524686,1
34.44033054141773,-8.850229471699743,0
-2.191468640339383,-24.23711803222258,0
11.557183161896717,10.177818596241115,0
-7.810445228057572,23.329535857396092,1
32.06292816019226,-36.49624391124905,0
30.027266816120267,1.294005207259471,0
8.659605765152223,-16.570491493343734,0
3.4846239314678646,-25.192448189917435,0
-20.40746171871971,3.562636828083654,1
-15.564294663194351,-4.053442705486566,1
-13.505467454404332,-27.59628788324397,1
4.3850416198507,-16.8186747051193,0
-23.384374823316836,13.137478169488928,1
-1.851135487593466,-9.211361596096188,0
2.9454926942198263,27.40707873225308,1
19.53767234294732,2.432890614099557,0
8.270693891112384,-28.517430572773144,0
-11.495629939079468,1.6190269638359736,1
-6.641220366337338,-5.733679121086221,1
-20.904925837494112,-36.13898649360707,1
-8.643281371864397,17.654378343951887,1
11.276980991932104,1.4109731926294122,0
24.07091250374224,-16.561269062223456,0
13.208464903980785,16.355477840615368,0
2.794294071668007,47.042565720898736,1
-18.13615274244609,-35.93955507079055,1
1.889949101620203,12.426369812329298,1
-11.385415521923218,-16.95742469215812,1
0.2853507685021862,-42.42065391184547,0
23.35554505946393,44.43161958313652,0
-27.90654657895276,-19.544281577298847,1
10.91770275626484,-17.556759425962724,0
29.022421808873663,-5.134086751019056,0
-3.872343495821085,-18.88151801295022,0
-22.646571624780947,-25.31728999261865,1
1.1144479863729293,15.226944938351718,1
-26.7962509812422,-6.272056780409611,1
-4.833398008943361,-17.427974537439873,1
-40.318343404775376,-3.226976593477434,1
19.29883234253129,23.30487387814522,0
1.051729580810857,-4.891699140926779,0
6.659494339085363,0.2239629688520478,0
21.561098001773857,6.5425446939544845,0
-4.184388968279958,-11.134350133877229,1
-21.46511272453425,-21.501644647644827,1
-22.766006692095765,8.905722394545075,1
0.0019649176607815,-36.32058563990662,0
-19.661499371679227,-31.10005867704721,1
3.250777882676479,46.56568840131621,1
-30.463695161610037,8.216705962674963,1
45.06964320905613,-0.1829743684090071,0
15.94549414132348,-7.813258195148204,0
20.77007807300069,35.449219277566336,0
-7.473549646131318,-35.696762910107815,0
0.6117256882825296,-21.30663551036001,0
-8.305525554957056,-20.30890821640803,1
-4.0927601264234,9.17473506005267,1
-5.108934744831414,9.969445026880386,1
-4.652872640141085,-7.754639864462351,1
16.33413249243302,-16.232465798785892,0
-6.844700443310884,-10.300852515847144,1
-2.3429961047807097,-14.884725376553828,1
-30.836832045821943,11.917014301324366,1
-0.1735508152131168,-33.34666330753807,0
-4.572922548961094,-10.098512020713189,0
-24.34744460026723,13.987496076221586,1
-19.67803291796695,-8.471379846642016,1
17.971626086403816,-27.51641630775059,0
25.76180124829741,10.5555324065395,0
-3.036619137100334,-25.592443766659137,0
15.80756512327728,9.905677858174988,0
16.922212120957138,-50.43644884012981,0
-40.59467587885575,-9.548612991617672,1
-49.8289065453107,-8.73530252141002,1
43.82244300202349,15.72452252097045,0
-17.59065762157262,-14.370954482666058,1
-9.54330369513129,-4.902364356920738,1
23.215955821620152,19.044130076554342,0
38.86812455825212,-3.8205591167138255,0
16.81532711384223,-1.444545270653622,0
-9.42161300738188,-21.21086340889914,1
4.272724509390069,-34.34248572997331,0
10.43944897268245,42.58054724258288,1
54.57421264570112,4.972669219481999,0
-15.134412422936965,1.9324298935692243,1
-27.555257252511478,-48.21790284878283,1
-44.02661098663142,6.696929145914955,1
-45.85430072856897,-9.539835597421304,1
-20.85254506403566,11.830669081154298,1
26.726518675147283,41.17871438766198,0
0.431974397980113,-31.093394744920857,0
-23.018095671628203,-7.666997881639531,1
-13.606838661262907,10.904074623042888,1
-4.992448810349167,5.711158478911904,1
26.692274475421065,3.987520031399149,0
34.213339651027525,14.293870599667724,0
13.872629565805068,18.19875922013957,0
-1.0573247463179791,-8.356497520656099,0
20.249944023611462,-26.74157594764012,0
2.42239784511772,-35.41716982687801,0
-17.932729548859445,9.561052967071944,1
14.815188296285376,6.627176945272858,0
28.6177027769631,16.525117847586305,0
3.965918850740725,-3.683884513850967,0
-17.42306774272723,-3.034681042661711,1
-5.783831448587257,3.665734524974233,1
2.9083355125198693,13.695938794243894,1
26.925677459670872,-8.260560193317744,0
-14.6051635511562,-4.018941511637527,1
20.750576610548347,12.15481668854152,0
-13.858003059669986,0.123662426732692,1
11.659554944121131,11.207043652246576,0
2.680890873240199,20.50807957966964,0
12.477373871802996,3.346621583687848,0
-15.208061433310164,25.217159913673825,1
-7.093031097580106,9.141464315005011,1
22.417717322144807,1.6519033762880488,0
-35.361187016081125,-2.3064917286671087,1
-8.954915653899803,29.66762456968317,1
-17.622924300414862,-6.221625408178429,1
2.8774921985568587,49.15522965124703,1
-28.736320141338048,-3.663813783764382,1
18.967662587963307,12.440980028477318,0
5.826659773237158,1.6403567317209424,0
6.252808829466822,47.88220024386149,1
6.354071435474497,15.519242964974854,0
0.7572515027974297,-7.430941587629441,0
-15.63413394331688,-7.231340035380837,1
-4.690562295352892,-4.25364663262751,1
-4.639329817120023,-42.65958586260139,0
-15.575387291764669,-16.882574879171898,1
-12.382183712193708,3.759689099430084,1
15.48173038877485,-4.972266439813236,0
-11.3057229619168,-15.656675174859595,1
1.0365750848477795,-19.63131646260843,0
10.169459677477851,12.002455225388292,0
18.01084099775237,-3.7256462855139127,0
-6.1445848094553295,8.28690524017524,1
11.672014987566548,-10.187165908817011,0
-9.991198880376745,-12.97854166053254,1
-15.212772052457018,22.29648109572244,1
-11.948478241870657,-48.61350628735342,1
2.721897686247829,57.31051628815574,1
-2.441887990463771,5.693673046609765,0
-17.673589322239295,24.08926117378709,1
17.973595326435742,37.362887409114045,0
-3.5868958117866603,21.121394278052755,1
-11.87116857431598,-11.57052084204742,1
5.159494904049354,-14.4372845094649,0
-14.118085618944871,1.524458389780472,1
-6.025841771881609,-6.301452352295737,1
32.71446081251606,6.4015652386848645,0
-17.40397471680367,-10.242478066525514,1
-8.257405826257854,-28.689830912988604,1
-8.315760191141573,-17.61799514114214,0
9.117922344959128,-6.74397765597269,0
10.216426160384248,-27.203550197915423,0
6.097345266770942,3.854213583277684,0
-27.70148219110201,-21.10293456288113,1
-5.326051682335543,16.200264233586644,1
-17.14305390292116,22.206738663337013,1
10.49942161539603,-9.749577746443142,0
-22.35670412715228,-42.34206351195476,1
-7.774163276024952,23.75530676906388,1
-5.227117419384851,33.78408014554692,1
-10.37798042107082,18.25163874222776,1
25.954788772965944,15.766172991595615,0
14.614353171936523,27.085611756309586,0
-41.82730911427491,-22.036508066723304,1
-10.923277417638264,19.702369304666064,1
1.1237075760381134,-10.069060980462714,0
28.04735886930827,25.13424643971536,0
-40.701988876589525,16.0910263025136,1
-9.407340281007103,14.14214664299077,1
18.54111933939559,1.8714354703851392,0
-7.07985245541101,2.512324518354222,1
5.343009708748845,9.62776197437659,0
-3.4949935386085498,-12.45050670980425,1
14.017326587203158,-42.47280705620965,0
-36.10560557479425,-27.693255214685557,1
6.726944854429117,-17.177343353303314,0
42.44336626632055,28.946557242147637,0
26.778711416102308,-17.807025788241372,0
-6.55634880365196,-28.4663940078376,1
4.656705215523698,-14.225991635936746,0
17.119245097750287,13.24049388879983,0
-13.853428992379635,33.196007749797054,1
40.62646262633378,27.838382749615004,0
23.55096398160118,-11.23566835516688,0
-2.884688970670743,-1.9426906855809016,1
-39.02414000582557,-20.94189853491588,1
13.29407502405108,-20.06165322285845,0
3.379654151186296,-7.844257896627246,0
19.931375048786155,5.992117659454079,0
3.996469447531221,-14.108527621922818,0
20.385736191176058,38.84978811394979,0
35.056912912622515,12.612550468172204,0
15.448732689777591,-4.22036118843137,0
4.972503619565703,23.27656406450782,1
-13.38418132362264,-17.461888755313545,1
-21.516815014859144,30.43716108835249,1
-20.09888677061667,-40.753176827418464,1
33.80220114391153,-15.895086735688135,0
-7.950125017559704,-10.417996748260888,1
7.80093125840549,14.146454320901707,1
17.78450214342167,-3.940616496406863,0
-31.082856079873302,-10.968763924107645,1
-10.056709398498189,20.626022595213517,1
4.337618424796422,18.642357254892787,1
-11.931617214484724,35.16849128021198,1
-1.325310847830417,5.849544427789456,1
2.1326841403232577,-0.9939755126622292,1
-14.262224864880451,-11.76381226583073,1
-42.727353185279256,0.8015059924436483,1
-4.98717462603156,-16.61082557882041,0
9.846289970295045,5.727888963687886,0
-21.70594492204857,-9.954681734174436,1
-11.500802051401283,15.212974893244892,1
52.0622213820371,3.660515198242895,0
8.874087587239694,-5.621997013443129,0
-25.45378063138645,5.986120667387983,1
-20.844286594353623,-13.039429516302668,1
8.445582552033414,-21.95779383712817,0
-17.605636490005022,1.9143345693418137,1
-29.300672784724885,-21.66854104929608,1
-26.80267985394346,-19.691278835920052,1
34.16320207501285,-10.4693137318765,0
0.7980282590904417,-1.4008312397260727,0
2.880435991814498,-3.613831678759734,0
22.562010877838865,34.30658398322172,0
57.02603809045944,-36.98624757598325,0
-18.79236502853252,-6.971340990426112,1
-12.39045182710684,6.6314787044519,1
15.076497260485358,-20.73500772634716,0
54.229424595121536,-31.59789720398559,0
10.108686252516438,69.42504563316957,1
10.876400208324846,-26.668634489226047,0
-27.23695307657213,13.513919135725128,1
-19.869938241935813,7.333123263124256,1
28.13198529848712,32.09034876584394,0
-48.22625135266467,13.06913769521232,1
45.17785157766297,-23.259706329347463,0
12.435151255632247,31.30828025113,0
-15.219141132529227,-1.918681158510618,1
19.08219841372072,10.287539728320818,0
4.146287270411093,-14.666644096079814,0
23.074405972236335,-73.3924310565326,0
-58.96201527750607,24.466592213730216,1
19.784858504771083,0.4909280471341865,0
-1.860938163236463,-1.7143155310950735,1
-21.45089690613144,-21.363725562775706,1
-40.32607072759751,22.560342890541406,1
37.81707851787537,-4.229401830533765,0
3.27485766970064,5.558719755138588,0
36.01809758401291,-4.570071013831935,0
29.846447269116894,10.45839898051793,0
-9.902960669452115,3.483504548680017,1
11.954753508901286,-4.724334564932215,0
24.744385316939965,8.86828976350229,0
26.802487221073207,-15.621599973582835,0
26.40124166480355,2.1380232154185044,0
-3.202628230836313,-19.5269615914364,0
-9.681224884683584,9.136621159023097,1
33.19334235927255,21.189263369007687,0
15.780166015350389,4.669988330980691,0
17.394430873587165,-2.61837928120438,0
5.400998163009668,4.656226243531016,0
29.767229675506428,18.48108655117127,0
5.218664032837284,11.643919034384108,0
19.232107174490963,0.6454955498357793,0
34.44815524396156,10.21831034547282,0
40.77617652173146,10.163860389928509,0
-7.736328430486445,11.035721811515751,1
-9.59049828049676,6.724893406374587,1
-8.02889545098141,-3.45517289313181,1
55.35958645493207,-6.288606784360434,0
13.437911273241696,-13.97615913688721,0
17.516566869836318,0.2790464589640924,0
-4.205537570795085,-12.056533607737473,0
26.804017621382584,26.780054279342952,0
-11.39424943389761,38.77094514707646,1
-18.754631280851992,-12.693895610559249,1
-38.58340604617453,-13.20180837239372,1
19.889645140788858,-21.99660118366241,0
-7.600739693071954,20.05873222637693,1
36.730124880140565,-14.764161546798888,0
32.704812320899194,-19.057255881132736,0
-53.700409688264585,-3.346606066297426,1
31.406224510786423,-2.152042046991892,0
11.024423799725982,-2.269430023732524,0
-21.15823880451599,10.111666468847208,1
19.841319858639437,-9.11962559127254,0
2.695420639992572,12.671703121025564,1
23.781768184791844,-21.57771845812441,0
33.8133824300975,-18.65536012779439,0
1.036867029950569,4.680178008247164,0
-3.171970735707579,-2.29468690331658,1
-27.21306441416511,-12.821972087975483,1
-6.873229759155479,8.070224446939067,1
-10.686398740806917,-28.706930607710525,1
-8.189493952873212,-43.77973857813846,0
8.51804713586015,-39.018897751566094,0
-6.532818135616125,-5.688350851873159,1
31.933256330362678,-26.526483287851335,0
-11.480283204676516,-15.437206169877337,1
32.61789532648274,-49.28085742006107,0
0.2777308346007035,3.6779510422382007,0
21.15924230292125,-20.47799306729698,0
22.55742806401825,0.7730164736464501,0
-3.264517288945967,-23.83572613846013,1
2.1363670431338964,-11.542161876363313,1
-0.487876071446951,-0.4121615162370451,1
61.90618754280572,55.519555558313904,0
13.87896295198628,19.255048939854827,0
-14.25998661129227,-18.323290431097707,1
15.632963318011132,-26.852011063846675,0
1.685057065134005,0.0740264293293824,0
23.22510528920849,-6.398573453367774,0
4.605482744208072,-4.074327556519102,0
34.17319738715156,4.244676850756003,0
-23.688673186229185,-2.778566446617087,1
-14.677165954492883,17.017889207820648,1
-14.899971579974297,10.807840666821782,1
4.273715124575616,6.35054922842964,1
8.470763006894845,16.482666014123343,0
9.249940889721822,-13.507332554875616,0
-4.813619528815974,21.51116749193256,1
20.789794467553303,9.634381599673128,0
-1.07513249042174,-2.5334547757723187,1
-28.41638876154061,-8.357172599185683,1
-23.09101488371434,24.320367423227864,1
12.196410017551887,0.7153756169884241,0
-44.87906864093805,34.742104402637274,1
16.69842039578157,-16.10629217182842,0
-12.04065329158115,-2.048136388524852,1
-8.973458542436285,43.19332134836856,1
-39.884298782019485,-22.152315600505183,1
25.257895962877065,13.295480864181826,0
3.530114688173508,-17.871452121788582,0
6.306307389189286,-18.766265261417253,0
-35.28107097484352,25.956152874853625,1
5.599447603425473,-7.166772706966318,0
-16.59876681545877,11.847347467050684,1
0.3437998742384814,-7.584075090701276,0
-42.7012306951336,-6.3421093924696805,1
7.294016362885884,1.5535039582995072,0
2.500740143766493,-2.8813671362301903,1
2.136920977711149,4.918979074948046,0
22.10816410997254,-28.659192660883136,0
-10.034961901822417,-1.0971243486792537,1
-19.618816607991672,1.884620573840485,1
-10.00436206444384,21.336469889204537,1
-7.533608105694972,0.3346420723961627,1
16.099139783983546,23.43254639715675,0
17.376022959789378,-7.773596466886429,0
8.181727158570895,31.89833533283419,0
6.356576463172964,-48.409672216577285,0
1.2151893367311264,20.658229777782392,1
5.224039984777184,19.24725653586797,1
6.753086124308192,46.60772580009122,0
-5.556826283700119,-9.52513655075191,1
1.2666683159080585,-6.169590276626802,0
2.5075485528482377,16.453076187732357,1
13.197038867368825,-19.313415595704164,0
-17.38449168077381,-1.6133501503338632,1
16.33253949622854,-19.774280681326232,0
-14.19544263772564,-11.399616303305944,1
8.885655350664093,-3.0260922762002034,0
-19.98726927890124,-23.36408527226125,1
5.822018814946755,-24.480559451974663,0
-6.562789456274858,18.23268543494291,1
-20.06002681400653,-6.191815679006639,1
-28.479509169571894,5.187877843070866,1
-14.93341713511752,4.2327238025278815,1
-23.05775216907585,-9.17549668615903,1
15.48866995367427,4.683674766057216,0
8.009792716186272,-0.050065084586551,0
-16.32223110819757,49.243213563292265,1
-0.3553879646664026,-7.639026057745393,1
-11.193333531012964,2.934949611324373,1
-17.207064379460398,45.04603541496599,1
-16.796037086373204,13.457509845238205,1
-20.80583395167129,13.9340802058675,1
-20.684949586935325,23.68272838476571,1
29.9458083492493,-11.708383317649872,0
-5.959838268912746,16.131838771030615,1
44.244449070392086,12.429173335582034,0
-19.39415084460085,14.258950085447868,1
-23.32481331395764,-18.03509963071309,1
24.98286097084426,7.700137947892917,0
2.744038870864789,28.99076703197818,1
-4.629285080553966,-5.543526919311898,0
-20.077723260740377,18.363467272050997,1
-12.668963937040251,-6.962278409458119,1
21.94480126652208,5.868625164409042,0
-19.682374318662827,17.048353718315372,1
-13.420926943820984,-6.208728218640916,1
-17.410932562267206,-15.831838614719835,1
9.00183320170091,20.93556543093448,0
9.12082864077895,29.152175104657367,0
-15.910311481518782,-14.670365870991304,1
8.985872539155478,-18.443077498765103,0
-7.373563179918006,-22.474117449531125,1
16.108555151562246,18.321590287326654,0
-3.9036222217341687,-1.383072966869605,1
-24.67929711198026,15.5318157925163,1
3.3549795090755268,-8.454871426929863,0
42.353724757939695,-12.771650500052129,0
25.14918615233665,-8.078439922462845,0
-38.32226559806912,-22.588901802878784,1
15.599121834901748,13.541408862104795,0
-2.3157249490592595,1.7386901719789465,1
7.027419543129831,32.95219829251592,1
10.389685297940655,3.9755781704037023,0
-28.010454847439146,-0.9573590559061836,1
-0.6684813548788042,8.537296810169872,1
-22.18084885498278,-43.70059342904453,1
33.03813970120713,24.04449289698755,0
-16.31614235147395,41.941048690464406,1
10.089510547187947,-17.412006564246546,0
18.43539994477321,48.99934517154337,0
-13.949810396523826,-8.814232882564756,1
16.48880296651479,9.693757210718898,0
15.524845514747527,-21.02344469055369,0
-59.76705156344936,-21.739953004695085,1
2.498644617305574,-0.7183628231085746,0
15.152622539379816,-3.164471912444263,0
10.219735501770762,-6.220474535934583,0
29.80899991388345,-0.3942013627966668,0
-4.812036681959497,-34.28009490797402,0
3.79781790418001,-19.24729586692162,0
-12.079187660413195,21.49862127488568,1
20.868993373710527,17.14811113118899,0
-5.067424460196445,-8.512080970385453,0
-8.541682747813079,-34.70416347096537,1
31.28880557819653,39.19347170654732,0
-5.915459697518286,19.24512777302481,1
-20.34915248086735,20.032043111736947,1
29.245686026870995,3.53629011619154,0
-6.461429344939914,-19.11501878752319,1
-21.764236019650408,-16.74285778561751,1
11.217092780804109,33.044757743533154,0
-30.72025227888254,-2.3438670179589547,1
9.64199886975316,6.397450810909082,0
-14.940461495339749,6.475725917263832,1
-4.220515190479642,-21.05469571752549,0
20.09545033856046,15.154222181591576,0
-16.20122155459985,16.75966552300959,1
31.112373084414106,-0.1628985072188724,0
-7.317911043699473,19.4083203425228,1
1.961695119993162,-9.04474491403647,0
20.609715692591774,-40.54372632633709,0
12.953671123470796,-7.421862522515754,0
-3.380481371274497,-30.71243008810457,0
-15.485945990142085,40.7748237780116,1
10.428517907840074,1.8409821622099989,0
14.859322792029026,20.3441828015178,0
15.511625537689843,-16.942272232130332,0
16.21307928867193,11.734813251843452,0
-12.245943794858585,-3.4495898478939275,1
34.32803623884475,25.37168591432189,0
1.2959454059973283,-15.38844354641184,0
22.800307554883208,10.603697785119156,0
23.387812429476877,-2.580104566588275,0
10.59014253864108,-9.385725426267424,0
17.01179381710268,16.441229610724548,0
28.880314006013023,-7.756888489908994,0
-6.403262754799774,-39.72415172574057,1
-6.4764631711577,18.373732087205852,1
-11.417087480797385,23.439435387904123,1
-14.197352065859247,36.518595708216296,1
5.391427814478963,19.56796806321512,0
-15.437301172436584,-0.0001393980983077,1
9.931818546339228,-12.232805329933,0
17.910440613768024,-38.48202524763026,0
-11.659131391154329,-30.61676486801836,1
-21.063405647976516,-8.272676900424138,1
6.215917611330789,-19.171616748281405,0
-27.43970107378727,-17.712074615260743,1
13.600209488578663,-22.76250963651885,0
45.08281387589405,-0.3565858826313064,0
-11.306950668009977,8.980678815512341,1
-32.91742772276667,-5.974422739271166,1
-3.003667160256537,-12.265988194509102,1
8.503186785607044,8.51494551505544,0
-2.849766922728646,-8.409642490337216,0
-28.059807937187443,13.740560711958407,1
12.262547895153412,27.44869013274171,0
28.60355080078348,-27.77384406801385,0
3.4013172972008325,36.983607849759,1
16.23686746664399,-28.449634485498056,0
15.260943696979004,-41.42586986460964,0
1.955067633904572,5.269354828274899,1
-1.6899127910466625,15.66987874342989,1
-14.089113820624137,-23.581347488682468,1
-15.17632726383458,-0.7154288908646964,1
-46.27433711663794,13.491201760482488,1
-5.444510060168804,-34.98994280660471,0
-11.570625461983685,40.65657130127767,1
-2.0891079492780613,32.18192913688625,1
9.769249067844925,8.969899659592922,0
37.17958306771558,43.29580882239448,0
-25.6238014648704,4.32426652599789,1
-13.90180636970172,35.66162942321584,1
16.01108464270847,15.646539746689976,0
11.583550096833717,-13.105817920788198,0
25.057210301633013,-40.08954152205008,0
24.231988926245297,-33.59237960151654,0
50.07433920881588,-11.26830559025789,0
8.6742596605963,15.386366168292652,0
-12.004070669610396,5.05056070011786,1
26.722806633200463,-39.00052753776562,0
9.42470377563968,-32.61971609159039,0
-49.007009529158985,18.67596353108376,1
-6.94473853851111,-12.666222796681827,1
0.6958554672279069,-12.841778142791648,0
-15.787583141983708,-15.281047752722372,1
17.048159011403722,-10.39139322086124,0
19.957105858720325,-17.854783173188167,0
-18.674032879944303,15.553343297482702,1
-12.21854646318548,13.995334583109765,1
5.063688826317833,-11.047981097207543,0
-21.3426505581847,0.6684146737808095,1
23.13356070976362,-32.98542808761463,0
29.63112457653855,28.545667417363024,0
5.733357281117192,7.538576334564039,0
2.410610021145173,-7.388858742807676,0
11.137212020689198,13.900584197794528,0
17.77767871581449,18.941371612913148,0
52.93639625616727,-9.280278556869048,0
-17.165535451626933,5.62560311832222,1
-0.1751001560941009,-9.819941031565389,0
-28.529465684752616,10.232171181294593,1
-15.912752995727056,18.73590858901683,1
-32.04596408328865,5.733268936838285,1
6.645905705420802,50.004061962433255,1
-16.191947949408746,-12.37240106759332,1
-8.892725848969215,-31.99994121046177,1
-28.8651223184082,-12.6289520309881,1
8.768865132810328,-7.345575266307901,1
-22.418708481568107,9.282146324473851,1
11.262065643003428,-15.849309988414904,0
-35.89181631650261,13.278841886059444,1
28.568979850749574,-13.475688640318657,0
-18.84249021126689,42.50030324197095,1
10.2902898458702,12.66839789199702,0
25.43698427343774,-28.472829797793445,0
7.640890302670373,-13.998776152764078,0
-58.45925273900172,-7.813445445968666,1
-2.988253982919478,-2.367071347050953,1
31.20621712422605,-5.867551085709324,0
-2.2708425172290974,-3.543729825954034,1
-11.266419750453764,42.76191895511096,1
22.59741146787373,-21.41854295584673,0
-48.04773408973399,24.115377202181023,1
20.73717397181159,-7.409919556736474,0
4.254265409968999,4.479470982016772,0
15.8436334014462,11.74734538893553,0
20.925769291209093,-22.38271172429387,0
-20.596603568504253,14.480369353470683,1
-15.993239887128528,-32.98475696896767,1
2.8523206746340506,1.3371562137726043,0
1.1342359267314377,-12.336490188227602,0
15.330880179859662,-0.1077745186865876,0
-21.91061468657946,-2.142970421347981,1
-3.2363551689401397,9.02885855041278,0
17.594289121957154,0.3410275392655985,0
-4.422990783107069,-13.437571273497362,0
-14.915741034223032,-1.4062526395097283,1
16.313593261547506,-2.6756838131928644,0
23.62333534207453,-23.7475432111845,0
-12.972362978899929,3.026997186833164,1
3.8515364461999018,1.196201266553589,0
11.771980384470432,10.856845631235377,0
-26.58872619679116,-46.4163566695968,1
23.93025076452424,-0.2796947160594327,0
25.916814814137584,2.2768461840227507,0
42.51484449857646,3.227875677998919,0
11.286407063522525,-33.31211259939117,0
9.528904093718229,20.50792478908909,0
-1.405848413722243,-1.2822721369417025,1
8.189976660380747,0.627843876553958,0
12.977447991064968,23.275605453976056,0
7.767204500780885,-4.912664614769918,0
-20.98534692756116,-18.9672779109279,1
40.34082588526018,6.299483655673529,0
2.6288221074746216,-23.8202135344968,0
9.02023607052401,13.006479084823106,0
-7.1392690471263816,1.783464863976067,1
-36.51851552498293,1.7948815766816586,1
-27.20863832900948,3.319499652756604,1
29.1645329336748,0.8766144360816184,0
4.9404889493442266,-33.79089352144571,0
6.051814197056922,-25.583050634992933,0
8.163013334420434,-9.78081741225594,0
20.97343948832714,41.949447063144135,0
7.499096548504248,-27.69572851227636,0
21.11558116454093,-8.778338864004603,0
-1.3220689483009154,9.840640215259668,0
33.74003578741144,42.14973282596582,0
28.417481485826773,-31.04171114029657,0
24.830582678649623,-62.32055839789161,0
-5.067676388061905,10.81394058659517,1
1.559003322964878,-16.776447443930234,0
-33.840134458569175,3.9199103445294248,1
-25.20140223405598,21.749776139293537,1
13.720555295779423,4.103406265908101,0
4.898092641766329,-3.874722592820587,0
-9.205209711654604,-18.86682240925544,1
36.68663980257556,25.777678759434632,0
-4.331165306756069,-9.894328009787015,1
-19.587101645258738,-29.57980386659897,1
-4.980787733661019,9.860043469899855,1
-0.788921919768131,8.930066081916458,0
12.491433833772136,12.874495245134998,0
8.322883501105942,29.26368918248244,1
12.49432108368985,3.0384150358540944,0
-6.361548342649601,-24.116317831403293,1
-25.343526637427995,-6.945357310467777,1
-9.158909875347147,5.55940278677785,1
23.956613781865546,-14.392552985333126,0
9.569074018093454,31.442907301331356,1
-9.762828243767968,-16.78548183046411,1
14.479987897112307,-14.987642218633844,0
-9.718920587802742,9.573256742521366,1
6.17041182349749,-10.043015923616087,0
-13.744414669042143,-5.188350101426092,1
-17.764882562130843,8.010823198178485,1
-3.45814212538623,-10.447696204493637,1
28.485687694042056,-6.609960838342563,0
30.567222092147112,26.613435919369586,0
-8.642073576914179,-34.88459726432478,1
25.98517888263409,-8.71865980910384,0
-4.288313564071423,6.331420754099825,1
11.656567891620393,18.424877992065564,0
0.0259721386695406,-25.230947844960628,1
-21.33605211184748,-31.069477576691096,1
13.585620432194004,-25.263902976179985,0
58.9601689037731,11.71645974513149,0
36.19820670478437,-15.125379983479942,0
0.1422004686240863,1.131567446160203,0
-6.307817792345423,19.237723387262424,1
13.86307738951256,26.64892102998181,0
10.357118092688989,27.69760060852109,0
-45.473489971796106,-35.159872540988815,1
24.549940179822972,4.840057048191784,0
-25.706827842723847,13.269962603985784,1
8.972757352319366,-13.629700409415884,0
-0.7843278130019293,-41.08808158779665,0
19.43272692293792,-3.668353562080888,0
15.31315668485992,2.0935299095402726,0
6.84002177070524,22.127456683710605,0
30.56902864631375,-44.67447582463447,0
11.525654674457524,5.37732628979112,0
17.057138187443698,12.902806452042917,0
18.712062759569378,-10.48102203058177,0
21.937944946815925,57.12770463159152,0
-33.313185308404215,7.102866956090889,1
-34.77286706050829,15.641335058452192,1
10.413240644608797,24.47865019980693,1
15.138905993797584,44.89780448552904,0
-30.55257290955395,-60.40243624209665,1
-4.287604446213608,13.303470062468136,1
-18.07372519823209,-22.29476879187741,1
21.335950415392965,-13.589099698400792,0
-9.790262457986255,37.64038155590509,1
-35.595843559112744,-5.893116280599628,1
-44.18573380532579,-16.527581388810503,1
2.3070093024685154,26.82294475659424,1
19.370700920423268,-3.670164548743633,0
-2.399004493994996,34.63714327736686,1
7.618164161609488,-2.375492604759541,0
-1.4213202686233433,19.05698055150632,1
-10.111719384752272,5.584379524253055,1
-1.3723403573027415,-21.326139722850677,0
2.1952451872123024,-13.600707425914448,0
-15.23806422194206,13.360661614718726,1
-19.230695927056487,-3.312900985735392,1
8.22437226511323,10.754819825867528,1
6.361266442639179,-30.79139091184566,0
-19.75142447232418,-4.445747348365799,1
-9.640104369118314,-33.617397365197256,1
-28.8432539992759,-12.44174436642849,1
-33.68209069123668,-4.353492696075166,1
10.864509946520114,-32.77100337331802,0
-36.39591833981787,27.51952897882823,1
-16.314159438379786,-12.85101514057041,1
-21.263484983785386,-0.7714855445058405,1
19.739939456940007,40.29359925094703,0
-8.201440617036047,11.184578205179896,1
38.46426502660455,4.683860695683238,0
43.45126360892789,2.9772949968829154,0
18.36837765122093,9.694716014748558,0
15.448266098356132,-9.494096548576486,0
9.211609376488076,-14.040028696862636,0
18.70950822337656,-10.27126713777666,0
-14.328319885251686,28.546879590016985,1
-8.492573931544374,-11.079560596539809,1
24.714654199190992,9.412950707128871,0
-9.545910212478276,-15.911381206204831,1
7.281041719538016,27.727183049686147,0
11.914716800906294,-10.318738182275204,0
-11.927622260427786,17.460477111437854,1
20.524790449191524,-12.965046093874262,0
-6.586607974746203,-6.955436922217169,1
-21.149372326033173,-42.53448062510387,1
29.440166233018044,-18.996662111435903,0
-3.9102362865969886,-12.341662125547735,1
-1.9503851156768663,-5.080457964420227,0
-46.95116703311994,-38.56903508677606,1
-6.98917692619478,6.168819621900715,1
4.5654088104304975,-14.114263095206825,0
12.70155184143572,19.222069683189808,0
18.827612841674856,7.303149904208224,0
-23.46186874851832,-19.94079319968703,1
-15.495738319155045,14.718769343190992,1
23.81938597718535,-27.621756035727174,0
14.41948411953055,5.749477702962258,0
-17.490393530078858,32.218166298447166,1
-7.0037440913313285,17.732326827920456,1
15.56086538192056,-2.804128749976083,0
-0.3167025742491646,-17.7332998592338,0
32.82107466203933,29.48861996687797,0
10.841382528474044,3.225138975783758,0
2.6480701856346798,-26.10910204466492,0
2.9809340183479667,23.156554869902045,1
-0.881432607026093,-5.87844425771793,0
-16.776197869526772,-19.32838626123713,1
-1.444077247206107,6.290925492774113,1
-14.335913583545878,-1.6521697735594425,1
-4.757597806793015,-24.10762962216728,1
34.10077273350714,-23.23440938508345,0
-9.644272293129774,47.84285784047901,1
-14.503256090139264,-10.305714353688174,1
27.09174488250324,-0.6849220115397745,0
-16.48048047674673,-28.298070857177223,1
-1.057316419717374,-2.3860917065342764,1
-24.993927710603923,-38.49268049383418,1
6.705987001634412,-25.59590976203117,0
-29.37683824135323,-7.3267732836410895,1
3.553836912295868,51.430181876557214,1
-28.225418117633527,8.858821074196305,1
1.1929992381909924,31.36433330504568,1
-15.063932086366869,-25.795403731096552,1
-0.4178903359445262,-41.491952774486194,0
-28.52432175258142,-14.262806998543738,1
-7.973873495550093,-5.101262348909247,1
-6.88749887028577,-14.841789551721911,1
11.905600503073066,9.993039539352552,0
32.171113782984094,-13.550249884030512,0
7.374794065196568,9.475880499295211,0
-38.37333300001,-7.853762900061478,1
3.225893383941774,25.592084450990875,1
-5.831824508914741,-17.68111957503208,1
17.361639201690494,-17.486424842200577,0
7.95150254164414,1.4821705451179996,0
28.091050640170963,31.717155863884837,0
38.03785767764606,24.425976452118967,0
-6.184101985781575,-21.031413988425932,1
-2.2643914351445456,29.63720096660044,1
-12.827914815788535,17.420029183470746,1
-26.021368082859407,-6.114934361495365,1
-16.005895963077084,0.5659125347055391,1
-23.563754556295606,31.67176473941174,1
-9.567593578535924,-41.6619878117962,1
-25.72652700767175,21.17551424855384,1
-17.731119778759638,-9.620588468193818,1
-6.50711116733439,-36.294594976659205,0
-47.63819424754048,-29.500062991637627,1
19.188429104256603,31.24697104968839,0
4.73453948716595,17.811787951822545,0
8.088980702379484,-1.5192167361195483,0
5.602805878956243,-15.32313076637269,0
23.87784681932178,30.248382110033283,0
20.78739261381351,-3.644434226191891,0
15.209330175119486,15.172623582543691,0
-26.46474516508396,-5.267287857240561,1
31.86891934091636,-19.383674232273176,0
18.13580806749062,-27.24425164765117,0
7.569747854425826,23.049484417063603,0
-5.136823491086434,-7.635965665246728,1
12.211275636041638,-16.87280387370138,0
5.963876775356534,-7.620148244118367,0
-20.14956575122692,-16.90646214860591,1
-1.341074034657378,-9.349725475153694,0
13.434735691525628,-14.739262887820122,0
-19.619873581063395,15.48978500937107,1
34.1050202936794,39.3758467519327,0
-4.953582350762454,6.477303321027006,1
-8.012073129276802,0.0284658464694046,1
18.82642433622552,-18.599693853432807,0
8.723049753430107,11.113483760891542,0
-30.844018734474773,-3.643453098078328,1
5.693054173165186,0.8787294906257657,0
15.571977155880196,0.4470445965202179,0
-20.870583986508272,-0.0245315175668669,1
6.6724149134179065,-21.03375999115356,0
70.33181748279924,34.00460093697089,0
0.2610641297163033,-38.29370012796177,0
2.9981111277407164,-17.685113716409052,0
-5.544170571029151,4.659975246701099,1
13.001220232338294,17.661342971016023,0
-36.96921500792492,5.85925170544173,1
17.28374658423001,6.010423736952852,0
14.462383814521356,-5.0495259533751895,0
0.5044757204018551,-14.335027612004678,0
15.217607364479672,13.532692241940191,0
35.06610246749108,-26.31830569584528,0
5.592991255602268,-16.82431625477181,0
-28.04680761864268,10.028177639434508,1
25.28004077325391,4.365939190640641,0
5.192009024962106,-4.274072381836191,0
-1.3646117361748,-3.2975308362417968,0
23.41467020252075,-34.882680141454394,0
23.489409405954863,0.0423563216858097,0
-21.5610579779646,2.3013444717698244,1
18.862701532511693,6.115040385840662,0
29.94591812571821,-16.47677405019381,0
45.96119248574289,-13.666440668395763,0
2.7997939829431,7.153235960770211,0
-24.97651119911665,-1.347045100587026,1
-11.977858530912384,-2.2120006946385216,1
-13.331897889984988,-15.438192771672496,1
3.171384891471711,22.88399281235037,1
-30.623216361712803,1.7851697770038744,1
1.8817006999634824,-13.547379780109043,0
40.9143500607516,-18.78864656854683,0
-18.73393848333925,-26.015372566237755,1
-2.4384127873373918,-14.74211992946266,0
2.875045247722867,2.095881135719087,0
-10.064206866353713,0.2415965128712676,1
-8.147735436107899,-17.398283122731357,1
-43.00308654075696,3.342489313490236,1
3.175689586794709,28.54876283537933,1
19.556016071913973,-8.538445423918164,0
25.46719456730644,8.498216205261427,0
-1.8909192480737915,32.346329598792444,1
15.197641245411994,24.71728275580705,0
-31.066375934203663,-23.86317525916947,1
36.84277337917959,15.712350679163066,0
1.60075939929356,-25.38000992534468,0
-6.841918086942533,-8.991909921630452,1
-2.3107274341382205,-0.1835476924122206,1
11.798574049073478,29.806638388784503,0
-41.51090896684502,-22.931504540754144,1
-16.133634663627014,-20.03293509767861,1
-25.270957193087742,9.432320149925532,1
16.83405348914954,1.8393400413713337,0
-23.643299206233053,-12.746827854480724,1
13.473373770621924,19.32997622949256,0
-33.21593283479161,-15.410389200753226,1
2.397649134351857,-27.556959489445237,0
5.126386524808052,-30.73624828850523,0
31.616469495288364,-25.684382301555598,0
2.3018148525863995,-20.33953219522651,0
2.8751850180039877,17.038217553266367,1
-19.163191486466413,31.84775442094745,1
16.230262957969458,35.185278958179794,0
-15.183833285215789,-4.095910732582634,1
-13.67535520619306,20.834916580054998,1
15.263956464862291,-0.213939086403974,0
-29.511391476771053,-1.435708879071805,1
42.93421285875589,-7.747753750953299,0
-7.7310891027308495,-7.491028347802485,1
1.075392391657631,11.04954602688086,0
16.898298329489418,24.627782061307883,0
-29.310465680555048,-14.45991730834306,1
-9.772069185846302,6.619318921259229,1
2.8396095922912643,-33.99067005401024,0
20.145726140602093,-13.255724768426791,0
32.424772728194554,1.3203034947269945,0
-1.1824977518395747,16.856148763613596,1
-25.224341411525103,13.600426270538492,1
-4.434621367863854,14.786096887318278,1
-36.99088473761704,15.811823743681355,1
-5.386206056758311,-7.30638387948148,1
-17.031072196349847,-1.6142465322960955,1
24.72958754711608,-1.5651218116999206,0
5.400567384063376,-11.202286968035244,0
-29.382362868406027,-7.030404063228607,1
-4.372229303838768,2.6246699739677477,1
3.229134040712665,-30.813446407016627,0
26.522299728625622,0.778916252885114,0
-5.398080114944284,-6.863018838616122,1
-21.935365022358447,-8.74643452034274,1
-27.361627788710592,8.99638422115715,1
37.39417027587376,-7.851220568373272,0
14.0861901950666,28.14819494013328,0
34.034989292945845,19.80460414440736,0
12.73898887272027,42.12766569136839,0
-4.36065820980231,-9.727984634164375,1
16.725964636534528,18.165423345302663,0
-0.1226602388039402,-13.47840586478648,0
-4.265691716719678,36.49026749055423,1
-29.248320342848015,-14.864859047365035,1
-10.545589054942551,-37.051992318444526,1
14.478014935068572,-20.985659038149592,0
36.78843854229928,-26.424344028768573,0
-5.031957896943537,-16.928429993641757,1
-22.201774095869386,9.432022008011014,1
-8.56911332648079,41.72031332335884,1
-15.317155617471736,-22.536169247351538,1
-0.8195212096874624,8.009612248073326,1
15.727593587290375,24.856460608747625,0
42.52653959475169,-7.5470211694422416,0
10.21066944605451,-25.618377502572805,0
-28.167898385726023,3.250452605027049,1
22.45027634112182,-10.841937930126784,0
36.23349684454526,-14.765335095717978,0
7.677502687252542,26.95118376895614,0
9.490969779124203,-10.60024895192231,0
-5.69332587702981,43.77761750351563,1
9.715807458783225,0.4038927547484445,0
9.613079995075893,19.291129403786407,0
24.745864246339536,5.885735932827869,0
-12.417932777165955,-1.4406767531119975,1
-12.743689815138158,-32.7991468564103,1
-9.867709887853223,3.721151204325648,1
-7.518151787524292,-0.9742021391169596,1
17.95984954216326,16.544719132836327,0
17.930366383610156,1.6052911229207254,0
-2.98209978001042,-5.481567497593954,1
-9.305947533316148,15.079749750614733,1
16.444170203581024,27.13075661029076,0
10.684988572852452,12.536912555612128,0
22.70406573193407,0.53874609725308,0
-45.16133093728836,-69.50611671868609,1
14.138057914816692,-11.08789544315137,0
-38.71070454145706,-13.667661640080498,1
-3.407738790478439,-17.94754495998299,0
-22.985702516864208,-33.65406560037307,1
-30.727467278305504,21.312219684462764,1
32.84159818029703,19.082174363853632,0
-14.18234835862248,31.22216050304076,1
18.54573149345015,4.747377969643622,0
-36.82036227296752,15.79575407188069,1
37.97982661229906,-44.86475699337607,0
35.13577615608253,-3.191262037712848,0
2.415914006156464,8.21821224161756,0
8.689556378028332,-5.788575235972994,0
-5.317579443510706,8.428008865271083,1
-18.04884295251533,2.81166603610267,1
-3.416446607117112,33.10497929260726,1
-23.827453071728016,-23.939695152387483,1
-3.50853293593218,16.988121020120207,1
-3.985678384099065,7.014426670166669,1
-3.447292637669923,-5.001344540469791,1
1.3553731840942784,-30.44341201012076,0
9.082424754531946,-16.113957400944084,0
2.2592852068898783,-19.712962638848023,0
-17.048628650366464,9.208130018011868,1
-8.550224197185155,-41.971533430433546,1
0.6331864820420902,-3.7769464226403886,0
-18.041977059394902,19.77173066854696,1
-10.502091953334556,-0.1475357519772303,1
6.894762081915311,-7.1924804853808055,0
-9.830825140853356,-45.2601109644888,1
20.97149333871032,-5.300970187861092,0
38.00515795796418,18.828076285157604,0
-27.77330309813073,13.121212515962082,1
22.918217993007715,31.17109408551064,0
43.863242464224655,4.963973470931975,0
-21.08308904315661,-49.688163790647344,1
16.72057972801987,29.336559580898637,0
-51.34173166553944,14.837464343018052,1
1.1548719080635397,-2.636089584961604,0
22.395428662496784,2.4451620641592324,0
23.77935961625816,27.08254863710081,0
-12.174441792972445,23.937110888684277,1
27.66620278637104,25.928514232941204,0
-21.32021537363277,-22.93014910900196,1
16.52007487317516,-15.969314973098722,0
-10.809080807967176,-21.68029920308986,1
-12.556220760078718,-30.757159912859493,1
22.12990120563276,3.3003192573902207,0
2.612035165879633,-5.572959964230828,0
-2.685091851378318,37.45850135867633,1
-59.62370105089151,-9.03087035698567,1
-15.954210046124285,5.320018860583359,1
44.74564861605135,-17.661813395436894,0
9.516107451099453,10.130862381150417,0
-12.130710313767,3.821053035961608,1
6.713364749588139,-12.319334638143284,0
16.78330515251953,-0.1502846191588634,0
17.513667603271564,4.560922861012385,0
-7.840060729783862,6.663414054968042,1
-15.83586366545706,7.869736606072612,1
22.76572635257779,-22.22370174162108,0
12.789954078273782,6.306754902318295,0
58.29423588780826,-2.3759434530809087,0
11.943652474285376,-4.622274906097023,0
-0.9591149399195918,-9.685001136651724,0
14.51692061062493,-30.472816506598043,0
32.7069326918743,4.495087865319957,0
2.519095483563408,-8.88802846097604,0
-13.95385622258532,-14.665447432793918,1
6.457122116813401,-53.22722696198491,0
6.873561552437134,-16.814890953165612,0
-22.86636894792529,-3.37079887144246,1
-24.1156600660702,-39.79176721336077,1
-17.275815900979868,1.6053427342759965,1
11.868054574348294,16.175081981486134,0
-22.424851385032877,-38.87041762598641,1
-28.471068058707807,-6.570559235108656,1
-20.49847190523298,27.291562534921848,1
-24.60585419121671,13.64397497297411,1
24.29078907023389,-34.06832659820556,0
-13.295354364499662,-15.455737640299956,1
-19.1529680963968,11.400337982214094,1
8.824542595365019,22.735202646997877,0
-32.01003267738446,-10.20991578426478,1
-15.999242272261904,11.986741968350644,1
34.55591254160006,-6.591160072007818,0
25.91955949793871,-0.5062288901504727,0
2.0860767467619774,13.06154226297986,1
-9.892051414510414,-7.752934060795292,1
0.9993672943195756,20.009940133281173,1
-9.44375572641782,-2.367341956823531,1
13.169471419103472,6.099513958303393,0
0.6142854268469697,-13.979727728787235,0
1.840417304226586,-25.704566576702987,0
-3.390748237227019,17.936178509941957,1
10.27615237037006,14.427883365058053,0
-15.139584465725388,-10.427429919267931,1
-8.182159118919769,18.23904179131007,1
5.472521701124674,-2.7412004269195926,0
18.53451869134048,20.396489649801804,0
-1.8049195879002908,62.9729550449548,1
-6.032939937762215,5.987077635513582,1
25.040100713268178,0.2928632745366064,0
5.9443415283818135,7.751806978835951,1
17.578369149506393,-26.75247848830121,0
-11.845772754481189,-6.835844814668578,1
11.927294066562393,-7.054487139368194,0
31.78111935784425,-2.8880115184612807,0
6.330805535096621,8.258201795818927,0
1.854656987324952,-26.413706749590677,0
-18.40497669902421,23.81559655788465,1
-1.985032276038469,-25.831544550817146,0
17.53023188663287,-11.444375900915889,0
6.622253834189574,14.217774313177962,0
48.71951862266652,-20.635050612736343,0
17.77918154555174,16.671027648869654,0
-13.996767588982804,-29.710012288984927,1
-15.65162312045462,14.162905595649573,1
-7.086617365304718,-32.13561271328368,1
-6.619319699312356,-7.357957995995177,1
-8.017765194380686,2.555911585294175,1
-21.446706861486604,-19.064652606235462,1
-26.891742808579554,-2.331331966158898,1
9.009140561007086,-0.0945700872887723,0
-2.7614037605993897,7.652595091694226,1
43.95110728113914,20.218443516909865,0
-35.020474079750265,44.25714362606368,1
22.62819470533565,-8.686011257945026,0
-1.9235909680809749,-7.569722576843802,1
-39.54416154197202,-16.160239357477547,1
21.2213974442616,-3.879199583270043,0
-9.549066318571482,28.65864326625844,1
10.703732851141014,-14.092515287214102,0
-2.241408001569306,2.373586662094825,1
-21.537711896045177,24.825949302834275,1
-6.370494820972324,-18.40450856403835,0
32.957153506992626,37.99892040246115,0
7.698323665130784,-4.401822270960053,0
5.799112378848211,-20.320399752130797,0
-24.99081475356336,-27.89877933046216,1
-7.558431636296135,-35.519685092479904,1
18.18497614425927,3.058130013406168,0
-5.247037035085866,4.033202959789107,1
6.8257773046779056,-1.4527800487847693,0
7.807066185589628,25.043843806253907,0
-3.1499091405779502,31.672403897651613,1
-5.233166931779106,-44.56075346615568,0
-11.749904157927151,-45.28573706774955,0
1.913940305922711,5.117121050819086,0
24.59589230526765,-8.404254104553745,0
0.9737859929526202,-31.128899151198794,0
29.82789522055973,10.340531703786136,0
-40.003247665405645,35.507345826441195,1
-29.6369917763607,-36.28255328960908,1
23.19993510430548,1.213124622575319,0
5.80892637745266,15.616726408376282,1
15.706487476770036,19.826973339201704,0
-16.733965525083555,3.9023588913865592,1
-23.22849544747624,16.38425368414723,1
7.131194901183299,-1.1572109181279944,0
19.256838145711733,6.176141579972399,0
13.581495464399602,10.193569879742483,0
-21.055653420958077,4.618032711121595,1
32.55888455574711,-4.875495877156048,0
1.7259652097720892,-25.75536552150734,0
2.899296385743335,-7.762512313278295,0
-14.948276781442589,6.3614342126092085,1
16.77617243196776,-3.0119041906624524,0
25.00107855070043,4.995983951254969,0
-6.010963597347082,-8.633344108891208,0
8.478559073154871,8.404957255753908,0
-20.73985805472905,-13.175686549721028,1
21.12769698707313,-10.662194075468324,0
19.50014319314413,43.28994973842818,0
20.596976782568326,37.21683495129264,0
-39.124346432319655,10.615058574215148,1
16.87620112557479,32.11654450830518,0
-5.851518124450493,-1.5386593135149145,1
-9.590179034358254,22.99407283970596,1
4.248063154247761,2.000927683708108,0
10.325084620980524,47.57950968839048,0
13.972077206764846,-9.392917333852342,0
-3.745980913478463,3.9194646858143374,1
18.310063895145987,13.536765293517668,0
11.48479365841025,-17.0492353936678,0
-26.043188749253268,7.362301936045904,1
-5.321482247039478,2.0451725383057675,1
13.34845253802907,41.156941408018255,0
-7.937456764318832,4.829258124743555,1
24.27421465074777,-17.596742890775882,0
20.04411530743853,65.19904360305303,0
11.765427201788604,28.101535716737462,0
6.368789664699995,6.464292761737852,0
0.5334720287698695,-18.44738657521392,0
1.1977918778711842,-17.133218917800683,0
-14.718373836754576,-12.59072861893527,1
17.081910118626773,19.108756050507164,0
7.98913352546842,0.617051360276015,0
-45.75381323380023,22.51788632374984,1
-15.984374604091249,-23.05215129449081,1
18.99342818021824,-5.440930981969833,0
13.132407166339172,7.607669511960161,0
-13.63863084037116,24.13905623359549,1
-5.247545114872279,-22.53912450549128,1
-24.475645028618345,8.461796680783447,1
-6.108216678238283,-1.2087877586807247,1
14.829712524609464,-18.113237499935472,0
2.048306689898662,-32.35701386581008,0
18.1082132441315,-11.008619431440929,0
2.399830002808504,3.9455976823434207,0
-5.992133521174178,-17.39224428436595,1
23.818472035744072,24.73624967573638,0
-14.798280976110348,-0.83624949852887,1
11.63995941117169,-6.387138249388752,0
18.7641604145449,5.652851383499389,0
-13.327936151437637,8.427330448013787,1
-24.36665890376401,6.854397818087285,1
-46.41644143045551,-10.445317801929816,1
-2.418180086978814,4.90201462216544,1
12.908203979096374,-14.281342405459352,0
5.60398605978179,2.991884848956849,0
-7.029872382500172,48.3734655798407,1
-0.950742964260758,-28.93843439321057,0
4.523839470462992,5.326173451215761,0
31.52952833991861,-29.68529222875666,0
24.319240325659447,1.7816629984811103,0
-22.570970459902327,23.754289736735853,1
-6.378597643972918,-4.640326308551158,1
7.697003666723785,-28.7531009509907,0
6.496592214130716,-17.448676066021033,0
-20.22843473903229,12.118699547384184,1
-8.167953479074585,-8.231202120713256,1
-16.667652564460123,-23.454159964119263,1
17.824806109306213,6.065270390616165,0
-22.035591268059235,-4.581498261425033,1
-1.202616360450891,7.297823105955756,1
2.6306976141934046,-23.750106815716897,0
7.131818031728724,27.90606669944804,0
8.139923650530843,-8.114201767371428,0
27.24911906536717,21.177853246228157,0
-5.829343073873822,-3.162698265356401,1
28.468321950385192,-8.161717797710901,0
-6.514541057075677,-4.275346632616949,1
-15.50456376340711,-24.041988409977726,1
10.191306241864933,12.69764545242081,0
-12.116201982248596,31.91636470532282,1
1.9555176819346929,29.093938409905245,1
40.032121323777375,12.569831701542611,0
-19.226044301108164,-22.310357498172028,1
1.904775122083756,-11.363238812583203,0
3.8341984485141465,2.7465581186009143,0
-8.998611789573431,-35.61590176633273,1
-1.0441721186944108,-22.276148101095075,0
22.113012333558032,-9.763190392952705,0
5.158227843348385,35.93022719925746,1
-36.95070001123996,31.428475363057174,1
-34.58169159091079,-2.5626375045156524,1
-33.872681350435215,47.97089994477184,1
6.853174397185451,-8.5425979332047,0
39.94561608221365,-35.20600660380094,0
-2.2836343855245573,-5.557944564338694,1
-5.880878033866825,12.030152677663937,1
25.269621489633337,-5.408245802180379,0
31.95627223890099,-38.62986948087868,0
11.374940399536246,12.455814864267955,0
-2.134368059673976,-17.575053860907122,1
-13.749087257186831,11.80958714839445,1
-5.569863189894927,38.19204497424288,1
-8.553104985877972,5.09929513430484,1
-32.76335421715044,-4.115570455682599,1
-1.8049108402868976,7.850613326259457,1
-1.2132113115007346,0.1573667084329147,1
-2.0721398060155334,19.643544576985946,1
1.7410805380161007,4.6416900709451845,0
23.03677481852246,23.316230797909903,0
-3.05839717816742,-11.709670687196772,1
-1.1355237152709734,41.03945307033908,1
38.464551225542415,16.882251380183426,0
-1.8891147964885635,10.981085862994606,1
29.068428021997445,-17.448351534473904,0
-9.77148453778542,-7.115821406091695,1
21.27631079255781,-3.65977038161365,0
-25.981604534490742,5.238070317725173,1
-5.059546537342564,10.75205283255151,1
8.47529385346248,-26.06325730337405,0
2.6554059951787314,31.26825938117772,1
30.77169842264507,-28.582983403464503,0
22.299852850402665,-28.38654737602469,0
-12.221345920511324,-4.847324520784941,1
-3.717865905571893,-15.395290392162796,1
34.83480826456627,16.191498226178492,0
-14.160104526116704,32.354334997485665,1
17.00299273608451,-11.26507578976586,0
29.53424379550416,-17.475620114591877,0
-19.253171317322977,-0.2613601689371008,1
11.937883781981888,-2.441255138696888,0
2.705521552759703,-16.59949924919942,0
-11.445681835326347,17.713477370495184,1
-23.09426327730251,6.984005230970814,1
6.376144584835268,3.8174062605774814,0
-4.64726275687994,-7.354293502821551,0
-38.652224826322296,12.432447577868178,1
30.26206463647388,21.526765008623727,0
-24.279885081745128,13.765399600426472,1
-2.148533876478889,7.345180526301096,1
-8.746256370973114,13.191897383140272,1
25.262612097504373,2.186850142316831,0
-10.561533375849844,7.43080861326689,1
-5.606377681724016,-7.723337533126061,1
4.283612792236898,34.20067360775613,1
-9.13877982917676,9.976307229051036,1
-21.86544581904984,6.779363830817217,1
-6.323117239480721,-20.940967138900383,1
6.625406857499884,14.164964904260405,0
-30.513419115820035,-4.028691620297898,1
-7.083606011630107,3.3455338636190746,1
-10.602647281028393,-3.381683007897503,1
-12.61990194803348,8.129988120514481,1
-22.14565462285268,-10.85214083288095,1
-18.055372946414032,-6.954089252713978,1
9.136760694913873,18.98983447742825,0
18.142367342816968,-12.505116992084854,0
-19.66753930465445,-6.570722930080544,1
-13.03705313609714,-0.0758780576136059,1
8.901160968972366,0.8867571214406016,0
-29.444612004465288,13.569585295752695,1
-13.664607665283253,0.5487525093987602,1
-11.48741788758742,-12.952833697241168,1
-2.4552869346608386,-20.77359090990315,0
0.8951319819849347,1.474195852015158,0
6.024071949091216,28.853323761547788,1
-3.7070388213673406,11.30575711783582,1
23.620315381023858,-3.31769888152054,0
-5.973503235448284,-16.920082800129578,1
-0.1877530006013946,53.60050176878652,1
-5.982323375415203,-9.468989239980932,1
30.26021738045486,-5.850840574358033,0
-13.56747903622956,10.315186856107973,1
41.357796554850346,19.78473121283691,0
10.83631414117799,-14.723290403164356,0
6.8463869959184525,-8.741383104329708,0
27.975057639767638,13.742304122914415,0
-12.376809940392144,5.471603935504435,1
-15.648625230585344,25.93754921499206,1
25.54506458486372,-0.6323207452358881,0
-12.938589922799022,8.618537591804241,1
-3.395645727575116,6.403720237619378,1
18.671214579455786,-5.185990995991363,0
-3.212910582589375,-41.74412508686697,0
16.746244917225827,-30.46698236107163,0
27.60517207845849,0.6244933917473584,0
-1.5478037442561712,7.849705641797461,1
1.8894102400380797,19.01368011766829,1
17.39161094107232,1.7264568095450896,0
15.885936761922586,6.078387737896542,0
0.0861222776230516,0.8964260612470192,1
31.73627650924445,13.446866028346914,0
4.36573165933288,14.37638852947069,0
6.227875522082874,6.374514792998313,0
8.957518061371797,10.806763163620383,0
29.99356701325696,-4.235946028410936,0
8.897929026991413,9.917940275216012,0
13.16280604157974,-33.580752003645344,0
10.169371793875408,-10.41084973930121,0
18.286673547771525,12.75644008940603,0
-3.2784696351031126,-8.942094230477746,1
15.1648974841629,-29.49376514656961,0
4.27127319062302,27.01721087403468,1
-10.996727044089758,-6.3131284263385705,1
20.51408249898929,-6.215234445781428,0
-4.879729302091564,-12.352680402376016,0
-3.604947503832866,19.48038015847092,1
28.33849993592795,-16.503778414394006,0
-15.356094262499385,-18.554422830886782,1
5.4129864650109045,-20.607432352375767,0
31.16704687022989,28.925799696018117,0
-14.529388362536167,0.6186484117740063,1
0.0592139616740343,-17.16892184605362,0
-12.86358486376468,33.015773202765345,1
-42.01056841815912,7.688972460334043,1
-21.29326721103151,-4.589935792464564,1
-27.180005421418592,6.950994751801645,1
33.055905675331246,11.348085406440989,0
5.237372076459678,-19.96165515873732,0
6.818108407241618,16.779716492428832,0
-12.47234740789663,14.283633360685297,1
0.4455523490277431,36.12987367171313,1
-15.583399788990972,19.23434306152821,1
32.3491548275473,10.86926230615973,0
-25.71434935183177,21.988532250056952,1
-0.4994820511416941,-5.756522649370739,0
-2.865646376834791,-1.270516624683386,1
-32.02135903493645,22.16010731180795,1
0.9585695527995725,-9.242237333771206,1
25.37556976560509,11.158534658485022,0
-10.34745111333692,7.672895121979719,1
30.968930213804,6.597982376901913,0
-31.571766605514348,-19.78612636522505,1
-8.569579109138912,-37.19197026233544,1
-10.322817696342874,-20.70772397271924,1
-9.154708562921698,-7.26964071846801,1
-11.55329152018547,-4.653383268390846,1
-5.636199029456713,14.101485310297932,1
6.010281078600532,21.98596446782906,0
17.052217904081264,-22.061861057186555,0
5.4259620351708175,17.682155794391804,0
-8.785534109999112,-12.871101478798453,1
15.818474015416555,-10.835529468078493,0
-2.8919069711226197,-29.091367696118123,0
-22.50024966846092,-4.688254703114514,1
-27.253076115544324,41.958789846828765,1
8.588471241845864,17.072364758078045,0
0.8064193746081517,-5.85039537564656,1
36.885638576948885,13.450135424715947,0
1.2208844569859882,1.1230763567555908,0
25.386677143085272,-3.6835168149869686,0
-9.226295071095535,17.15134814049569,1
3.529182234434856,-20.493255479138625,0
-11.267002865763482,34.84890143569125,1
-19.71716774039176,-16.56892420148826,1
-14.522395128107895,-26.043004416146825,1
37.06290888241146,3.180759939890133,0
4.461775848051691,-13.26705001762864,0
-19.923901332384464,4.140634628240186,1
-5.3472976144206354,26.36426733160139,1
-14.076998135739826,21.17120814557687,1
-18.067922392445087,-7.662712973335943,1
-5.746848814989022,16.07751322291374,1
4.173125735166528,10.0049127160691,0
8.908977599321155,-12.626783656020692,0
6.506765756653753,-1.4595557843152176,0
-6.445839691398286,34.91802835941918,1
-44.01949891765466,-7.907189453970026,1
14.99508803107332,6.081149479459073,0
-13.91657399535858,6.747727605392172,1
4.492541622383688,-28.393095640188672,0
21.608447412535444,-1.5722413957597838,0
-3.687089727671641,16.663623426300795,1
4.161154247675849,-2.254513431588426,0
53.293956141824246,-1.272619735118858,0
-7.319188512720726,-10.195706228959988,1
-18.33308089601661,-1.1978516600667355,1
18.656574227017675,-15.09599374002332,0
8.681078685377411,2.206896023065758,0
-4.769238827318584,31.581491338102712,1
11.48144470978172,-33.41407614769442,0
-9.587229966206849,9.920103208973572,1
16.147235661514316,1.2571873936716258,0
37.12814340281454,-18.56491417922541,0
-41.575317519896124,-3.3349958163134765,1
4.241769516389082,-27.393690048243844,0
13.292589495172864,46.18808702535575,0
-16.206533061536128,-6.098123426147821,1
-6.256612779597345,-16.866932391897553,1
-28.656262837044192,37.983067147955566,1
47.36859703055956,15.556892863508526,0
5.280378068380871,21.053981938345583,1
42.916191464984365,22.734046709250958,0
-5.843230886538463,22.537587302391017,1
-11.31179025813963,18.38587522421169,1
6.030505670100414,-11.437861016696145,0
-27.744707945616945,-8.147413692242926,1
-23.436294027359573,34.07055796712559,1
14.357515861298449,-17.175529988621435,0
4.196672278996067,-18.39825232158321,0
-5.602066207195132,19.794320768293087,1
6.381105440907463,13.6074185551778,0
7.626678774389383,-35.26880795623122,0
9.171192987536235,-19.87027716540616,0
-6.562897026020622,11.29599445825066,1
-27.86553808737439,10.197799747378085,1
-17.267465332034064,-5.929703696273146,1
-15.785076250856218,-0.898901418654035,1
13.573852466225338,-13.618817228513024,0
17.37324883511996,-1.1287863159422833,0
-8.9807242870387,9.306575636991145,1
16.17046675772511,-36.041437080357575,0
-22.53788369843936,-1.1456237738329074,1
-22.638653018219998,-0.031722705299891,1
-5.121550196883668,-5.447330813985728,1
8.979050584199687,-12.964125852402796,0
1.673729852631463,-10.861555258230522,0
15.095994502277406,-3.1384277032361805,0
26.23876522984167,-22.440122659390383,0
-0.3284984762041577,-36.69174506317631,0
12.477109107665347,27.93556428362677,0
18.96838940813136,-2.934571817606075,0
32.994886291582326,8.625200892399741,0
7.782362992932274,-4.53218824907035,0
-33.06325353495299,-2.323135982968304,1
18.61382618350915,25.31553701605624,0
12.307594775014522,-18.20286701776004,0
0.212555104923347,-7.051246740332958,0
3.4412549383194424,4.970053767471296,0
17.45520909186264,7.69646499728076,0
-2.0574612421694334,-2.205740129296273,1
29.55201538702777,-13.415248593177733,0
-40.9517795217062,-22.964773692552235,1
21.733661124738678,10.34102439619084,0
11.328287321031985,-46.003476827050974,0
0.6596551443235226,10.156235779129348,1
16.41451355493639,-7.805993007848725,0
6.395991990194464,9.403315703062844,0
-28.18085194122741,14.735781238292653,1
39.02201296405919,-13.915837280529509,0
-4.518010382675668,-11.909952321853863,1
-22.672607080387877,6.747287848068543,1
-17.174571789279998,12.42040003301944,1
38.27823539522817,25.32105297022668,0
2.416667573919706,-26.539934138900637,0
-2.262075872526658,22.85451208390954,1
-2.0089975056896123,-10.73545990235382,0
12.333809085380755,8.069621929049278,0
29.09202137983345,2.1062573359498518,0
-5.603185919555002,10.777983515882465,1
-11.145025949794752,-13.87145985869372,1
37.8273904815654,-0.7696179689761918,0
-11.801020199851411,-6.468173621478245,1
1.199603197165656,8.513424592827871,1
-10.785260759676529,23.140131212230305,1
-5.974326262698865,7.085742634074423,1
7.262356826889746,0.6448385753754344,0
-0.1787816559769747,-36.7670110554653,0
28.97451187149791,0.3395936762933346,0
-5.23575625683786,-22.60254158082205,0
2.8246577393020624,-18.61706266768144,0
-4.231344351583315,-40.48790563709971,0
-11.61084115891464,19.6717536180106,1
-6.626396770919596,41.8819037432683,1
-18.24239104797568,2.5406578195557734,1
13.039180293219282,-2.5108102534297587,0
32.790360069790275,16.989830029417547,0
-16.02916372171949,-15.107070888430624,1
-32.584883647417215,-25.837845208959244,1
-4.036798806428065,-11.506543730783005,0
32.38733948952068,46.01737971662133,0
-23.649405828632084,-8.116382153070424,1
9.615577010748115,7.285600290906582,0
-38.85673092098496,-20.042950459097447,1
-4.449854077677704,-17.42999367675621,1
1.7357999201266487,-27.938607849674437,0
-13.90844897207261,-36.82541043848282,1
-18.742289809158475,-6.869342849090453,1
-6.670027337571208,-4.494008805785678,1
26.46581615354442,5.2402810360130125,0
9.573725355399278,10.54249005737596,0
4.42470706335161,31.580092614858565,1
10.298208111674228,23.99485872121474,0
-15.580700251260469,-34.16078261232056,1
-10.526867006230775,0.1703497495035225,1
11.67740380883744,29.010741827983026,0
8.526532115371367,8.932986071839263,0
4.439279933839037,-8.252156797998477,0
-15.660127459999222,16.333013654629664,1
19.63679828651449,-9.781922466225478,0
4.524000728367069,-33.16129016681273,0
-28.997860148724865,18.9054382268013,1
-39.12742682496451,12.827887774377832,1
8.125714694551917,6.613118716265033,0
2.2154564666288725,-18.91188087535213,0
18.284515544174937,-7.237997973729437,0
-0.7768810387746878,-4.393617957384951,1
-0.1481869361051623,11.83517625479621,1
20.55485500692436,8.977000732683319,0
9.561141070375934,-14.424544029489844,0
36.41039698351919,-21.59319121482548,0
41.44406848350847,-20.08700778093147,0
7.170681146398996,-41.91443152935733,0
-19.34413832902638,-10.033487870561531,1
-38.22829534120115,38.75641931971123,1
3.538543276549848,-8.04340749568929,0
-26.013981230882347,15.372995820596728,1
40.7823840034109,-1.4851413520737002,0
-19.74010102272194,-24.256120239793702,1
-0.5465462512996765,-36.20932854068171,0
-3.931667455245024,-32.35829646926666,0
-5.7954919895252255,21.198130766469685,1
23.742027028982328,13.99561360901869,0
6.06949537208238,-19.598091855684448,0
-5.6439415484997575,-15.939576591355756,0
26.43575056183567,-4.281380811346464,0
-21.44791187209909,-29.541971627627422,1
14.933281120485924,10.514781740006018,0
11.857730885739027,-12.852102728145574,0
-11.35431007687506,-18.205906811385415,1
-21.21305910056644,-5.147855943506898,1
6.29190463381512,24.193073216434367,0
-3.037614589070918,27.81979350608145,1
-13.943489024577811,3.373520615025501,1
-1.5305137619737594,-17.456624172329423,0
-0.2836355299691506,-5.054637967466147,1
-7.604075455640425,21.95418930023143,1
-8.883111193344877,-29.489004152685304,1
21.385862215758547,-37.04020368064488,0
23.459082327636462,8.02809582831308,0
20.834853341013133,37.386560583343645,0
-9.238025019063976,-1.3931482454732151,1
45.61802891950628,5.009219778551546,0
-10.92189639116154,47.43951250117444,1
-6.739319875635031,18.024270131423798,1
12.507851854148104,43.983568205886655,0
23.01972885941012,46.39218367219492,0
-3.755366560829118,24.138395692798987,1
-30.57650436499882,20.491372496150284,1
0.7362775452852961,-17.039181893919114,0
0.7172286248570121,37.43535762530631,1
19.2121787244117,30.48334452205045,0
12.342685807418508,23.44467882118711,0
19.35675825445901,14.737619575408043,0
-25.64082259396253,13.448107325354394,1
16.130822611924167,19.53630309088492,0
23.266772994674252,6.667736964695904,0
-11.6316595836021,30.133763638567437,1
36.03786388169087,34.632069074358554,0
11.996743167123109,-0.3391544782481076,0
2.374738137529084,-3.9511330786740806,0
21.60420511360041,-9.94082582497349,0
40.98905057321651,-5.108934083736917,0
-12.287629668026058,18.278775709321184,1
26.265321998526417,8.90824306357927,0
7.053691065460269,45.85109376372063,1
18.89232285216638,-18.80088700102246,0
16.621242937910363,-1.3394123520118146,0
17.46119497974918,35.19948297552519,0
-3.9401279051789775,7.852879949192579,1
-24.30656972243527,6.895226756879316,1
-21.928338458274595,4.294507542703296,1
10.031227460872286,11.131607316619805,0
4.159733952631719,8.791328573120998,0
-28.61769385570884,-13.97528218572718,1
-29.85905755908199,12.75532799437973,1
-19.2446200745187,9.365601624853358,1
11.880788708258171,-4.518711019143705,0
-2.6351359718878165,-42.469828586819474,0
13.250156798507607,22.384294128560057,0
-10.364383992331978,-2.418875711204992,1
18.59733924753493,33.15711664041183,0
32.590507528862204,16.815750970569383,0
14.826689899151283,37.934832929934885,0
3.720069466851931,0.7902512893045949,0
-11.797248420602584,11.886058789595427,1
-40.20715529380135,-2.879498856565854,1
10.267284027524717,-5.951508658483346,0
30.25750400460613,-41.53717232633489,0
3.2562852197399788,-15.923609170543996,1
28.853296975158877,20.66377224594656,0
-29.270158750294883,-7.682490992790947,1
17.98484782512098,4.0300406803591455,0
-17.439043265973556,0.1934262063291454,1
-13.123476821492856,-30.10823665688245,1
12.901227054849551,1.5807551762293768,0
25.12300282527207,9.37580985457743,0
21.702410631501067,3.5771759648444816,0
-22.79871091415695,1.9870064248214605,1
-5.258535912967975,7.171341063166215,1
17.16466870194569,8.663442143358758,0
23.524511178921998,25.67904939957063,0
17.81273392079402,-0.9429599807427604,0
-13.536219398575971,-4.869110708734546,1
3.782331319466952,12.302257062496608,0
6.514046276441881,14.497087996115033,0
42.437738285891335,25.024243990599444,0
10.87706591160234,-18.2087597368576,0
-0.5847131127623179,-5.044153205294175,1
2.06798270846808,-0.3259982312248111,0
-14.521299145235492,28.78621660674082,1
11.114448266983342,-13.59504940932165,0
39.84349354443916,14.143999661240407,0
-1.6495816345712035,-12.20985468811361,0
2.370839320177061,33.00393796195642,1
5.338705775258693,-24.020111828821467,0
-7.339234211670695,-0.2951694551844532,1
1.2122281792208458,-0.6142371967070427,1
-48.59360754780666,-11.666765650300944,1
1.3438445032044612,-37.7515416185826,0
-9.838258235751727,0.6828391587442294,1
-3.881386058763714,-15.716084716366137,1
11.387256365073146,12.498588537517325,0
23.432195061938646,-0.7173268526602522,0
-11.141114296987144,-3.713470085147301,1
18.29346007623608,-18.675186721824183,0
-22.51701500049148,8.459589273833693,1
6.591951390215062,-5.251219194449556,0
-0.2895036905071556,-3.1203569408578264,1
23.159683118893568,-38.01462208323413,0
0.5122530949705576,1.0999551713160725,1
16.936768289977636,-21.903302233795987,0
-4.912039864780756,3.663123671626469,1
21.623676414083462,-23.766541270886755,0
3.759950137975092,-28.64100583643311,0
-4.753617185933885,11.52021060228269,1
42.68581638606163,-28.60457169298199,0
1.9269191872454463,-25.318795487710823,1
11.220241691783356,32.115142723003395,0
-13.368127932712374,21.834288696346995,1
22.28768040703916,26.407255089062463,0
-18.5539846145901,-18.575816518687628,1
-28.44211205699427,-18.380888392915924,1
0.2249472821078113,0.2725171754344777,0
11.513628961576144,-32.820074901407246,0
-16.038584461283314,-24.38629207767952,1
2.3229415132464277,-13.38608216925362,0
6.364203305388285,39.82194962819351,0
1.0514568568577785,22.78280711425685,0
4.798755910878182,-8.464636487987393,0
